player_id,position,date,week,session_type,total_distance_m,high_speed_distance_m,session_rpe,session_duration_min,session_au,rmssd_ms,hrv_zscore,sleep_duration_hrs,sleep_quality_1to5,perceived_fatigue_1to7,perceived_stress_1to7,perceived_soreness_1to7,hooper_index_total,game_result,game_score
J. Kowalski,C,10/7/24,1,Practice,4774,235,5.1,77,392.7,58.7,-0.22,8.1,2,3,2,5,16,,
M. Eriksson,C,10/7/24,1,Practice,4338,470,4.3,85,365.5,60.1,1.2,5.9,3,3,4,2,14,,
T. Gallagher,C,10/7/24,1,Practice,5211,417,5.7,67,381.9,72.4,0.23,7.1,3,2,2,6,15,,
B. Novak,C,10/7/24,1,Practice,4127,483,4.3,75,322.5,78.6,2.55,5.8,4,3,4,4,15,,
A. Berglund,LW,10/7/24,1,Practice,4236,190,5.9,76,448.4,48.6,-0.34,7.2,2,3,4,5,18,,
P. Leclerc,LW,10/7/24,1,Practice,4054,286,6.5,78,507,47.8,-0.51,7.3,4,3,2,5,14,,
D. Hartmann,LW,10/7/24,1,Practice,3752,486,6.5,74,481,38.2,-1.49,7.1,1,4,2,5,18,,
R. Okafor,LW,10/7/24,1,Practice,4227,311,5.1,83,423.3,56.2,-0.34,6.2,2,5,2,2,15,,
S. Virtanen,RW,10/7/24,1,Practice,4115,300,5.6,66,369.6,55,-0.11,7.4,5,4,2,4,13,,
C. Marchetti,RW,10/7/24,1,Practice,3677,358,5.8,73,423.4,46.5,1.42,7.2,2,2,3,5,16,,
N. Johansson,RW,10/7/24,1,Practice,4165,333,4.4,79,347.6,57.1,1.65,7.5,4,2,2,3,11,,
F. Dubois,RW,10/7/24,1,Practice,4954,416,5.2,66,343.2,60,1.52,6.9,4,4,3,3,14,,
L. Svensson,RW,10/7/24,1,Practice,4341,366,4.9,72,352.8,67.3,0.65,6.4,2,2,1,2,11,,
K. Magnusson,D,10/7/24,1,Practice,4399,294,5.6,76,425.6,35.8,-1.64,8.2,5,2,2,3,10,,
O. Lindqvist,D,10/7/24,1,Practice,3783,249,7.3,82,598.6,65.7,0.54,6.7,2,4,4,4,18,,
V. Petrov,D,10/7/24,1,Practice,3267,303,5.3,87,461.1,62.4,1,8.8,3,4,4,4,17,,
H. Brennan,D,10/7/24,1,Practice,3886,132,6,74,444,32.4,-1.94,6.8,5,3,3,3,12,,
Z. Karjalainen,D,10/7/24,1,Practice,3942,218,4.9,69,338.1,47.2,-0.13,5.8,4,4,4,4,16,,
W. Deschamps,D,10/7/24,1,Practice,4305,445,5.9,73,430.7,58.2,0,6.1,2,4,3,3,16,,
G. Tuominen,D,10/7/24,1,Practice,4299,420,4.4,73,321.2,47.6,-0.69,6.7,2,3,3,1,13,,
Y. Saarinen,G,10/7/24,1,Practice,2041,48,5.4,65,351,68.6,-0.51,7.9,3,2,3,4,14,,
I. Kovacs,G,10/7/24,1,Practice,1444,66,5.3,74,392.2,61.2,-1.41,7.8,1,5,4,3,19,,
E. Nystrom,G,10/7/24,1,Practice,1323,65,4.5,70,315,56.3,-1.38,5.9,3,3,4,3,15,,
J. Kowalski,C,10/8/24,1,Practice,5206,471,5.4,72,388.8,52.4,-1.26,7.1,3,3,2,4,14,,
M. Eriksson,C,10/8/24,1,Practice,4299,311,6.5,67,435.5,56.6,0.55,7.5,2,4,4,1,15,,
T. Gallagher,C,10/8/24,1,Practice,3570,267,6.9,69,476.1,83.7,1.83,5.7,2,5,5,3,19,,
B. Novak,C,10/8/24,1,Practice,4930,536,6,68,408,63,0.05,8.2,4,3,4,4,15,,
A. Berglund,LW,10/8/24,1,Practice,4845,264,5.4,70,378,60.5,2.01,5.7,3,4,3,3,15,,
P. Leclerc,LW,10/8/24,1,Practice,4068,293,3.4,82,278.8,49.4,-0.18,7.9,3,5,3,5,18,,
D. Hartmann,LW,10/8/24,1,Practice,4194,247,5.7,68,387.6,39.3,-1.24,8.7,4,6,2,4,16,,
R. Okafor,LW,10/8/24,1,Practice,3961,280,6.5,71,461.5,68.6,1.8,6,4,5,2,5,16,,
S. Virtanen,RW,10/8/24,1,Practice,3830,306,4.8,88,422.4,48.1,-1.36,6.5,4,2,3,4,13,,
C. Marchetti,RW,10/8/24,1,Practice,3910,415,6,79,474,44,0.81,7.8,2,4,1,4,15,,
N. Johansson,RW,10/8/24,1,Practice,3856,319,6.1,63,384.3,43,-1.23,6.9,4,4,3,3,14,,
F. Dubois,RW,10/8/24,1,Practice,4139,393,5,72,360,45.9,-1.18,6.3,3,4,4,3,16,,
L. Svensson,RW,10/8/24,1,Practice,4440,403,4.7,75,352.5,48,-2.4,7.2,5,3,2,4,12,,
K. Magnusson,D,10/8/24,1,Practice,4135,233,6.1,78,475.8,44.7,0.44,7.8,2,4,3,4,17,,
O. Lindqvist,D,10/8/24,1,Practice,3564,427,5.3,66,349.8,67.8,0.87,7.6,2,6,3,5,20,,
V. Petrov,D,10/8/24,1,Practice,3907,392,6.5,81,526.5,51.9,-0.84,7.3,4,3,4,5,16,,
H. Brennan,D,10/8/24,1,Practice,3306,342,5.7,70,399,37.7,-0.62,6,2,4,1,5,16,,
Z. Karjalainen,D,10/8/24,1,Practice,5160,537,5.2,73,379.6,35.4,-2.59,5.8,3,4,4,5,18,,
W. Deschamps,D,10/8/24,1,Practice,2996,390,4.7,59,277.3,54.3,-0.67,6.8,3,3,2,3,13,,
G. Tuominen,D,10/8/24,1,Practice,3788,375,4.5,72,324,56.2,0.99,6,3,4,4,3,16,,
Y. Saarinen,G,10/8/24,1,Practice,694,88,7.2,75,540,69.7,-0.35,6.5,4,4,3,3,14,,
I. Kovacs,G,10/8/24,1,Practice,1856,30,6.3,70,441,57.8,-1.89,7.5,2,2,1,4,13,,
E. Nystrom,G,10/8/24,1,Practice,1393,30,4.3,77,331.1,57.1,-1.26,7.2,4,4,3,4,15,,
J. Kowalski,C,10/9/24,1,Game,5359,831,7.5,62,465,47.6,-2.06,5.9,2,4,2,4,16,W,4-Feb
M. Eriksson,C,10/9/24,1,Game,5581,621,8,58,464,37.8,-2.95,6.8,3,3,2,3,13,L,5-Apr
T. Gallagher,C,10/9/24,1,Game,5269,1053,6.5,63,409.5,61,-1.38,6.7,4,2,2,3,11,L,2-May
B. Novak,C,10/9/24,1,Game,4863,748,6.7,66,442.2,62.1,-0.09,6.7,4,5,3,3,15,L,5-Mar
A. Berglund,LW,10/9/24,1,Game,4555,1077,7.7,59,454.3,42.9,-1.49,6.9,2,4,4,3,17,W,2-May
P. Leclerc,LW,10/9/24,1,Game,4556,1062,7.7,68,523.6,37.4,-2.58,6.9,4,5,2,4,15,L,4-May
D. Hartmann,LW,10/9/24,1,Game,4890,472,8.3,58,481.4,40.5,-0.98,7,3,1,4,3,13,L,5-Feb
R. Okafor,LW,10/9/24,1,Game,4137,754,8.5,67,569.5,52.9,-0.9,6.7,3,5,2,5,17,W,4-May
S. Virtanen,RW,10/9/24,1,Game,5143,706,6.3,62,390.6,39.3,-2.94,7,3,4,4,4,17,L,3-Feb
C. Marchetti,RW,10/9/24,1,Game,3911,808,7.3,65,474.5,34.5,-1.53,7.6,4,4,4,4,16,W,2-Feb
N. Johansson,RW,10/9/24,1,Game,4918,721,7.9,66,521.4,42.2,-1.39,7.8,4,4,3,2,13,W,1-Apr
F. Dubois,RW,10/9/24,1,Game,5360,919,5.9,63,371.7,43.9,-1.57,7.3,3,2,3,3,13,L,4-May
L. Svensson,RW,10/9/24,1,Game,4863,587,7.9,62,489.8,59.7,-0.56,8.2,4,3,4,5,16,OT,4-May
K. Magnusson,D,10/9/24,1,Game,3225,908,7.1,69,489.9,36.3,-1.51,5.6,4,2,3,1,10,L,3-Mar
O. Lindqvist,D,10/9/24,1,Game,5430,804,6.8,61,414.8,47.8,-2.33,7.5,1,3,3,4,17,W,1-Mar
V. Petrov,D,10/9/24,1,Game,4602,699,7.1,60,426,48.8,-1.39,8.7,2,2,4,3,15,W,3-Mar
H. Brennan,D,10/9/24,1,Game,5508,989,8.4,56,470.4,33.3,-1.73,7.8,4,3,3,3,13,L,3-Feb
Z. Karjalainen,D,10/9/24,1,Game,3900,787,8.6,58,498.8,33.9,-2.9,7.3,3,4,4,4,17,L,4-May
W. Deschamps,D,10/9/24,1,Game,5356,777,6.7,63,422.1,55.3,-0.5,7.3,2,5,4,3,18,OT,3-Apr
G. Tuominen,D,10/9/24,1,Game,4314,570,7.5,60,450,53.4,0.44,6.8,3,4,3,4,16,W,1-May
Y. Saarinen,G,10/9/24,1,Game,1772,341,7.4,62,458.8,70,-0.32,7,2,2,4,4,16,L,4-Mar
J. Kowalski,C,10/10/24,1,Travel,,,,,,55.3,-0.78,8.1,4,4,3,3,14,,
M. Eriksson,C,10/10/24,1,Travel,,,,,,59.8,1.15,6.5,4,2,5,3,14,,
T. Gallagher,C,10/10/24,1,Travel,,,,,,63.4,-1.04,6.6,3,5,3,4,17,,
B. Novak,C,10/10/24,1,Travel,,,,,,58.1,-0.74,8.3,3,4,4,5,18,,
A. Berglund,LW,10/10/24,1,Travel,,,,,,52.1,0.34,7.8,3,4,5,4,18,,
P. Leclerc,LW,10/10/24,1,Travel,,,,,,52.3,0.39,7,3,4,3,5,17,,
D. Hartmann,LW,10/10/24,1,Travel,,,,,,43.9,-0.22,7.5,3,3,3,4,15,,
R. Okafor,LW,10/10/24,1,Travel,,,,,,55.6,-0.43,7.7,3,3,4,3,15,,
S. Virtanen,RW,10/10/24,1,Travel,,,,,,50.3,-0.97,7,3,4,3,6,18,,
C. Marchetti,RW,10/10/24,1,Travel,,,,,,37.3,-0.85,6.7,3,4,5,3,17,,
N. Johansson,RW,10/10/24,1,Travel,,,,,,50.3,0.26,8.1,1,1,3,5,16,,
F. Dubois,RW,10/10/24,1,Travel,,,,,,53.4,0.24,6.3,2,3,3,3,15,,
L. Svensson,RW,10/10/24,1,Travel,,,,,,56.1,-1.13,6.9,3,4,1,4,14,,
K. Magnusson,D,10/10/24,1,Travel,,,,,,44.2,0.32,5.7,1,4,3,5,19,,
O. Lindqvist,D,10/10/24,1,Travel,,,,,,65,0.42,7.3,3,2,4,3,14,,
V. Petrov,D,10/10/24,1,Travel,,,,,,64.9,1.44,6.8,4,4,1,5,14,,
H. Brennan,D,10/10/24,1,Travel,,,,,,34,-1.54,7.2,5,4,3,5,15,,
Z. Karjalainen,D,10/10/24,1,Travel,,,,,,48.9,0.23,7.9,2,5,3,3,17,,
W. Deschamps,D,10/10/24,1,Travel,,,,,,56.5,-0.29,7.1,3,4,1,2,12,,
G. Tuominen,D,10/10/24,1,Travel,,,,,,44.2,-1.36,6.3,1,3,3,3,16,,
Y. Saarinen,G,10/10/24,1,Travel,,,,,,61.4,-1.51,8,4,3,3,3,13,,
I. Kovacs,G,10/10/24,1,Travel,,,,,,74.9,0.51,6.8,2,3,4,2,15,,
E. Nystrom,G,10/10/24,1,Travel,,,,,,60.1,-0.79,6.8,2,3,4,2,15,,
J. Kowalski,C,10/11/24,1,Game,4866,1034,7.4,60,444,56.8,-0.52,7.4,3,5,2,5,17,W,2-Feb
M. Eriksson,C,10/11/24,1,Game,4979,1078,6.6,58,382.8,50.4,-0.61,8.4,3,4,2,4,15,W,2-May
T. Gallagher,C,10/11/24,1,Game,4669,911,5.7,60,342,76.7,0.83,7.9,3,4,3,2,14,W,3-Feb
B. Novak,C,10/11/24,1,Game,4491,669,7.5,59,442.5,59.7,-0.48,6.8,3,5,4,6,20,OT,3-Apr
A. Berglund,LW,10/11/24,1,Game,5293,770,7.5,58,435,45.6,-0.95,6.5,3,4,3,5,17,OT,3-Apr
P. Leclerc,LW,10/11/24,1,Game,5274,944,8.6,60,516,44.8,-1.1,7.9,3,3,3,3,14,L,4-Apr
D. Hartmann,LW,10/11/24,1,Game,5309,801,8.3,64,531.2,37.8,-1.58,6.4,3,4,4,3,16,L,3-May
R. Okafor,LW,10/11/24,1,Practice,3219,382,5.9,75,442.5,43.8,-2.47,8.1,2,5,4,3,18,,
S. Virtanen,RW,10/11/24,1,Practice,3987,295,5.5,70,385,58.3,0.47,6.7,3,4,4,3,16,,
C. Marchetti,RW,10/11/24,1,Practice,4168,255,5.6,77,431.2,38.6,-0.54,6.4,3,4,5,3,17,,
N. Johansson,RW,10/11/24,1,Practice,4588,407,6.5,76,494,41.4,-1.55,7.6,4,5,4,5,18,,
F. Dubois,RW,10/11/24,1,Practice,3646,423,5.8,74,429.2,56.3,0.81,8.1,4,4,4,3,15,,
L. Svensson,RW,10/11/24,1,Practice,3644,460,4.3,76,326.8,60.2,-0.48,5.9,3,3,4,4,16,,
K. Magnusson,D,10/11/24,1,Practice,3236,294,5,79,395,46.6,0.89,5.5,2,3,2,2,13,,
O. Lindqvist,D,10/11/24,1,Practice,3555,356,6,75,450,53.1,-1.49,7.9,3,3,3,3,14,,
V. Petrov,D,10/11/24,1,Practice,3813,346,4.6,70,322,65.7,1.59,8,4,2,4,4,14,,
H. Brennan,D,10/11/24,1,Practice,3748,442,5.9,67,395.3,40,-0.04,6.9,3,4,2,6,17,,
Z. Karjalainen,D,10/11/24,1,Practice,3452,354,5.9,73,430.7,44.1,-0.78,8.1,4,4,2,4,14,,
W. Deschamps,D,10/11/24,1,Practice,3601,350,4.9,78,382.2,48.4,-1.68,7.3,4,3,4,2,13,,
G. Tuominen,D,10/11/24,1,Practice,3709,311,5.1,79,402.9,49.1,-0.39,6.2,5,3,4,4,14,,
Y. Saarinen,G,10/11/24,1,Practice,1511,149,5.2,82,426.4,65.6,-0.93,6.3,3,4,4,1,14,,
I. Kovacs,G,10/11/24,1,Practice,1612,49,6.6,76,501.6,76.3,0.7,8.3,4,3,3,3,13,,
E. Nystrom,G,10/11/24,1,Practice,1834,30,5.5,59,324.5,64.4,-0.13,6.9,4,1,3,3,11,,
J. Kowalski,C,10/12/24,1,Practice,5055,312,6.1,76,463.6,54.6,-0.9,7.9,3,2,3,4,14,,
M. Eriksson,C,10/12/24,1,Practice,3859,101,5.9,65,383.5,60.2,1.23,7.2,3,5,4,5,19,,
T. Gallagher,C,10/12/24,1,Practice,4473,198,5.2,72,374.4,73.1,0.33,7.6,5,3,2,4,12,,
B. Novak,C,10/12/24,1,Practice,4700,370,4.9,70,343,56.9,-0.92,8.3,2,4,4,2,16,,
A. Berglund,LW,10/12/24,1,Practice,3772,437,4.5,78,351,48.3,-0.4,6.9,3,5,2,2,14,,
P. Leclerc,LW,10/12/24,1,Practice,3755,287,4.1,70,287,52.8,0.48,7.5,3,3,4,5,17,,
D. Hartmann,LW,10/12/24,1,Practice,3904,271,4.1,78,319.8,41.4,-0.77,8.2,3,5,3,3,16,,
R. Okafor,LW,10/12/24,1,Practice,4548,405,5.5,73,401.5,58.6,0.07,7.2,4,4,3,3,14,,
S. Virtanen,RW,10/12/24,1,Practice,2570,396,5,85,425,55.2,-0.09,6.3,3,4,4,3,16,,
C. Marchetti,RW,10/12/24,1,Practice,3407,442,5.9,77,454.3,44.7,0.96,6.9,3,3,2,4,14,,
N. Johansson,RW,10/12/24,1,Practice,4097,368,5,70,350,55.5,1.33,6.6,4,2,4,4,14,,
F. Dubois,RW,10/12/24,1,Practice,3775,374,4.3,72,309.6,49,-0.6,6.4,4,4,1,4,13,,
L. Svensson,RW,10/12/24,1,Practice,4686,262,2.5,75,187.5,57.6,-0.89,9.2,3,4,2,1,12,,
K. Magnusson,D,10/12/24,1,Practice,3496,308,5.3,75,397.5,44.8,0.46,5.6,1,4,4,4,19,,
O. Lindqvist,D,10/12/24,1,Practice,3250,289,4,68,272,55.6,-1.08,7.7,2,4,2,4,16,,
V. Petrov,D,10/12/24,1,Practice,4232,237,6,72,432,50.2,-1.15,7.1,3,4,3,4,16,,
H. Brennan,D,10/12/24,1,Practice,3318,443,4.3,78,335.4,41.5,0.31,6.7,2,5,2,3,16,,
Z. Karjalainen,D,10/12/24,1,Practice,4099,318,6.4,77,492.8,43.9,-0.81,7.5,1,6,4,4,21,,
W. Deschamps,D,10/12/24,1,Practice,5098,403,6.3,74,466.2,52.1,-1.05,6.6,2,4,1,4,15,,
G. Tuominen,D,10/12/24,1,Practice,3684,310,8.2,83,680.6,45.7,-1.07,6.3,2,4,2,5,17,,
Y. Saarinen,G,10/12/24,1,Practice,2137,30,5.8,78,452.4,83.1,1.49,7.3,4,3,2,3,12,,
I. Kovacs,G,10/12/24,1,Practice,1096,73,3.9,66,257.4,65.6,-0.8,6.3,2,3,4,5,18,,
E. Nystrom,G,10/12/24,1,Practice,1038,97,4.7,70,329,63.1,-0.34,6.1,3,5,3,5,18,,
J. Kowalski,C,10/13/24,1,Off,,,,,,63.5,0.59,8.2,3,3,3,4,15,,
M. Eriksson,C,10/13/24,1,Off,,,,,,41.9,-2.19,8.3,4,3,4,4,15,,
T. Gallagher,C,10/13/24,1,Off,,,,,,74.9,0.59,6.9,3,3,5,5,18,,
B. Novak,C,10/13/24,1,Off,,,,,,65.4,0.43,7.3,4,4,4,4,16,,
A. Berglund,LW,10/13/24,1,Off,,,,,,50.1,-0.05,7.5,3,3,3,4,15,,
P. Leclerc,LW,10/13/24,1,Off,,,,,,56,1.12,6.9,4,5,3,2,14,,
D. Hartmann,LW,10/13/24,1,Off,,,,,,51.1,1.38,7.2,3,1,2,5,13,,
R. Okafor,LW,10/13/24,1,Off,,,,,,67.7,1.64,6.9,3,4,5,1,15,,
S. Virtanen,RW,10/13/24,1,Off,,,,,,52,-0.66,7.1,4,7,4,3,18,,
C. Marchetti,RW,10/13/24,1,Off,,,,,,39.4,-0.33,7.6,2,5,4,3,18,,
N. Johansson,RW,10/13/24,1,Off,,,,,,49,0.01,6.9,3,3,1,6,15,,
F. Dubois,RW,10/13/24,1,Off,,,,,,48.3,-0.74,7,2,6,2,2,16,,
L. Svensson,RW,10/13/24,1,Off,,,,,,55.4,-1.24,8,4,4,4,6,18,,
K. Magnusson,D,10/13/24,1,Off,,,,,,44.4,0.38,7.5,2,3,2,5,16,,
O. Lindqvist,D,10/13/24,1,Off,,,,,,69.4,1.12,7,4,4,3,3,14,,
V. Petrov,D,10/13/24,1,Off,,,,,,56.8,0.02,7,3,3,4,3,15,,
H. Brennan,D,10/13/24,1,Off,,,,,,40.3,0.03,8.3,3,4,2,3,14,,
Z. Karjalainen,D,10/13/24,1,Off,,,,,,48.3,0.1,7.1,4,4,5,3,16,,
W. Deschamps,D,10/13/24,1,Off,,,,,,63.8,0.96,8.8,3,4,3,3,15,,
G. Tuominen,D,10/13/24,1,Off,,,,,,59.9,1.7,7,3,4,2,3,14,,
Y. Saarinen,G,10/13/24,1,Off,,,,,,74.1,0.25,7.2,3,4,2,4,15,,
I. Kovacs,G,10/13/24,1,Off,,,,,,89.4,2.54,7.1,2,3,4,5,18,,
E. Nystrom,G,10/13/24,1,Off,,,,,,56.3,-1.38,6.8,3,4,4,3,16,,
J. Kowalski,C,10/14/24,2,Practice,4335,406,5.5,77,423.5,60.1,0.02,5.9,3,4,4,3,16,,
M. Eriksson,C,10/14/24,2,Practice,3811,404,6.3,71,447.3,50.8,-0.53,6.9,4,4,5,3,16,,
T. Gallagher,C,10/14/24,2,Practice,4396,275,5.4,74,399.6,61.1,-1.37,7.3,1,4,3,4,18,,
B. Novak,C,10/14/24,2,Practice,3976,393,4.7,66,310.2,60,-0.43,6.4,4,5,2,2,13,,
A. Berglund,LW,10/14/24,2,Practice,4184,380,5,72,360,37,-2.66,6.8,3,3,5,3,16,,
P. Leclerc,LW,10/14/24,2,Practice,4280,315,3.7,70,259,44.6,-1.14,7.8,3,3,3,4,15,,
D. Hartmann,LW,10/14/24,2,Practice,4587,477,4.9,66,323.4,37.9,-1.56,7,3,4,4,4,17,,
R. Okafor,LW,10/14/24,2,Practice,4089,259,7,74,518,74.6,2.83,6.3,3,4,4,5,18,,
S. Virtanen,RW,10/14/24,2,Practice,4225,293,5.2,76,395.2,62.5,1.22,7.2,4,3,2,4,13,,
C. Marchetti,RW,10/14/24,2,Practice,4426,381,4.9,63,308.7,34.2,-1.61,6.7,3,2,2,2,11,,
N. Johansson,RW,10/14/24,2,Practice,3800,235,7.2,82,590.4,48.6,-0.07,8,2,5,3,2,16,,
F. Dubois,RW,10/14/24,2,Practice,4756,587,4.3,78,335.4,41.2,-2.08,6.2,2,4,2,4,16,,
L. Svensson,RW,10/14/24,2,Practice,4499,512,5.8,65,377,67.9,0.74,8.3,3,2,2,5,14,,
K. Magnusson,D,10/14/24,2,Practice,3641,412,6,75,450,44.9,0.5,7.5,3,5,3,3,16,,
O. Lindqvist,D,10/14/24,2,Practice,3171,291,6.5,68,442,59.7,-0.42,6,3,3,4,4,16,,
V. Petrov,D,10/14/24,2,Practice,4080,330,5.6,73,408.8,57.1,0.07,5.8,3,3,3,5,16,,
H. Brennan,D,10/14/24,2,Practice,3456,310,4.7,71,333.7,41.5,0.32,5.8,3,3,5,3,16,,
Z. Karjalainen,D,10/14/24,2,Practice,2841,322,6,76,456,41.5,-1.32,7.8,2,3,1,3,13,,
W. Deschamps,D,10/14/24,2,Practice,4087,324,4.6,72,331.2,52.4,-1,6.7,4,2,2,2,10,,
G. Tuominen,D,10/14/24,2,Practice,3802,423,7.7,58,446.6,47,-0.81,6.6,2,5,4,4,19,,
Y. Saarinen,G,10/14/24,2,Practice,932,30,3.4,69,234.6,71.2,-0.15,6,4,4,4,2,14,,
I. Kovacs,G,10/14/24,2,Practice,1054,39,5.9,74,436.6,58.4,-1.81,8,3,5,3,3,16,,
E. Nystrom,G,10/14/24,2,Practice,1885,30,6,71,426,56.5,-1.35,7.1,2,5,3,3,17,,
J. Kowalski,C,10/15/24,2,Game,6004,907,6.9,54,372.6,56,-0.66,6.8,4,3,3,5,15,OT,1-Feb
M. Eriksson,C,10/15/24,2,Game,4619,636,7.1,65,461.5,57.5,0.73,7.3,2,3,3,5,17,L,3-May
T. Gallagher,C,10/15/24,2,Game,5178,732,6.7,61,408.7,72.6,0.25,6.5,2,4,3,4,17,L,4-May
B. Novak,C,10/15/24,2,Game,5277,996,7.3,51,372.3,45.9,-2.68,8,4,4,4,4,16,L,5-Apr
A. Berglund,LW,10/15/24,2,Game,5994,571,6.3,61,384.3,51.7,0.27,5.4,4,3,4,4,15,W,2-Mar
P. Leclerc,LW,10/15/24,2,Game,5083,915,7.9,59,466.1,47.3,-0.6,6.5,2,5,4,3,18,L,2-Apr
D. Hartmann,LW,10/15/24,2,Game,5361,745,7,66,462,34.6,-2.28,6.5,3,4,3,2,14,L,2-Feb
R. Okafor,LW,10/15/24,2,Practice,4107,495,5.6,72,403.2,55.7,-0.43,6.2,4,5,5,5,19,,
S. Virtanen,RW,10/15/24,2,Practice,3741,226,7.2,77,554.4,46.3,-1.69,7.4,3,4,3,2,14,,
C. Marchetti,RW,10/15/24,2,Practice,4424,377,6.1,66,402.6,42.7,0.49,7.1,4,5,4,4,17,,
N. Johansson,RW,10/15/24,2,Practice,4073,330,5.1,71,362.1,46.7,-0.48,7.2,2,4,5,5,20,,
F. Dubois,RW,10/15/24,2,Practice,4435,464,4.7,69,324.3,56.3,0.81,6.7,3,3,3,5,16,,
L. Svensson,RW,10/15/24,2,Practice,4245,327,5.5,77,423.5,60,-0.51,7.8,3,4,2,3,14,,
K. Magnusson,D,10/15/24,2,Practice,3682,409,7,81,567,30.6,-2.84,7,3,4,3,3,15,,
O. Lindqvist,D,10/15/24,2,Practice,3131,354,6.9,73,503.7,53.9,-1.36,7.4,3,4,3,4,16,,
V. Petrov,D,10/15/24,2,Practice,3945,501,4.5,71,319.5,50.4,-1.12,5,4,4,1,3,12,,
H. Brennan,D,10/15/24,2,Practice,4403,453,5.2,74,384.8,33,-1.79,6.5,4,4,4,3,15,,
Z. Karjalainen,D,10/15/24,2,Practice,3416,330,4.1,70,287,48.2,0.08,5.8,4,6,3,3,16,,
W. Deschamps,D,10/15/24,2,Practice,3659,334,5.6,83,464.8,51.4,-1.17,6.8,2,4,3,2,15,,
G. Tuominen,D,10/15/24,2,Practice,3484,249,5.2,74,384.8,43.3,-1.54,8.4,4,3,2,3,12,,
Y. Saarinen,G,10/15/24,2,Practice,1540,60,5.5,69,379.5,80.5,1.13,7.3,2,5,3,2,16,,
I. Kovacs,G,10/15/24,2,Practice,1733,111,5,77,385,54.9,-2.3,6.8,4,3,2,3,12,,
E. Nystrom,G,10/15/24,2,Practice,579,52,5.5,73,401.5,69.9,0.71,7,3,3,4,5,17,,
J. Kowalski,C,10/16/24,2,Practice,4360,421,4.5,74,333,62.8,0.48,6.8,3,4,2,4,15,,
M. Eriksson,C,10/16/24,2,Practice,4601,230,5.2,66,343.2,49.3,-0.8,7.7,3,4,2,2,13,,
T. Gallagher,C,10/16/24,2,Practice,4456,408,5.3,75,397.5,64.8,-0.85,7.6,2,4,2,4,16,,
B. Novak,C,10/16/24,2,Practice,4117,461,4.3,69,296.7,56.7,-0.96,7.5,3,6,1,4,16,,
A. Berglund,LW,10/16/24,2,Practice,3031,379,5.5,72,396,42.4,-1.58,7.5,3,4,3,3,15,,
P. Leclerc,LW,10/16/24,2,Practice,4654,391,3.3,71,234.3,54.2,0.77,8.2,3,3,1,4,13,,
D. Hartmann,LW,10/16/24,2,Practice,4117,243,5.2,74,384.8,49.9,1.12,6.7,2,3,3,4,16,,
R. Okafor,LW,10/16/24,2,Practice,4327,367,4.4,79,347.6,45.7,-2.14,8.2,2,3,3,2,14,,
S. Virtanen,RW,10/16/24,2,Practice,2927,434,4.9,94,460.6,51.9,-0.68,7.3,3,4,2,2,13,,
C. Marchetti,RW,10/16/24,2,Practice,2937,322,5.1,69,351.9,35.5,-1.28,5.8,3,3,2,3,13,,
N. Johansson,RW,10/16/24,2,Practice,3933,322,5.6,76,425.6,40.3,-1.78,5.9,3,3,3,1,12,,
F. Dubois,RW,10/16/24,2,Practice,4538,222,4.1,85,348.5,39.5,-2.41,6.8,3,4,2,2,13,,
L. Svensson,RW,10/16/24,2,Practice,4634,222,6.4,74,473.6,45.4,-2.82,7,4,3,3,3,13,,
K. Magnusson,D,10/16/24,2,Practice,4162,248,5.9,73,430.7,39.2,-0.84,6.4,4,2,4,2,12,,
O. Lindqvist,D,10/16/24,2,Practice,3759,383,5.5,61,335.5,60.4,-0.32,8,3,3,2,4,14,,
V. Petrov,D,10/16/24,2,Practice,4266,346,6.5,62,403,43.9,-2.26,7.7,3,2,4,5,16,,
H. Brennan,D,10/16/24,2,Practice,4164,207,4.1,74,303.4,42.5,0.58,7.5,4,3,4,3,14,,
Z. Karjalainen,D,10/16/24,2,Practice,3583,530,5.4,64,345.6,49.7,0.39,8,3,3,4,4,16,,
W. Deschamps,D,10/16/24,2,Practice,3179,362,4.8,85,408,58.7,0.08,6.4,4,6,3,5,18,,
G. Tuominen,D,10/16/24,2,Practice,3259,358,5.8,71,411.8,43.6,-1.48,7.5,4,4,4,2,14,,
Y. Saarinen,G,10/16/24,2,Practice,1056,30,4.8,67,321.6,76.7,0.6,6.9,2,5,2,4,17,,
I. Kovacs,G,10/16/24,2,Practice,1640,173,5.8,67,388.6,68,-0.47,7.8,3,4,6,3,18,,
E. Nystrom,G,10/16/24,2,Practice,1576,170,4,60,240,63,-0.36,7.5,2,2,3,5,16,,
J. Kowalski,C,10/17/24,2,Practice,4593,458,6.3,82,516.6,59.2,-0.13,6.8,3,5,2,3,15,,
M. Eriksson,C,10/17/24,2,Practice,4606,334,6.2,76,471.2,57,0.63,9.1,4,4,4,3,15,,
T. Gallagher,C,10/17/24,2,Practice,4823,339,4.6,81,372.6,73.6,0.4,6,3,4,5,3,17,,
B. Novak,C,10/17/24,2,Practice,3672,272,6.6,84,554.4,59.7,-0.48,7,3,3,2,4,14,,
A. Berglund,LW,10/17/24,2,Practice,4496,369,5.3,67,355.1,41.5,-1.76,7.2,3,3,3,4,15,,
P. Leclerc,LW,10/17/24,2,Practice,4127,282,6.4,90,576,43.9,-1.28,7.9,2,4,2,3,15,,
D. Hartmann,LW,10/17/24,2,Practice,4375,279,5.9,71,418.9,39.2,-1.26,7.3,4,3,4,5,16,,
R. Okafor,LW,10/17/24,2,Practice,3673,392,4.9,87,426.3,50.7,-1.28,7.9,3,4,4,3,16,,
S. Virtanen,RW,10/17/24,2,Practice,3897,439,5.9,72,424.8,46,-1.74,7.3,5,3,2,3,11,,
C. Marchetti,RW,10/17/24,2,Practice,4210,369,4.6,74,340.4,42.1,0.33,6.2,2,5,2,5,18,,
N. Johansson,RW,10/17/24,2,Practice,4058,422,4.6,74,340.4,50.6,0.33,6.9,3,2,5,5,17,,
F. Dubois,RW,10/17/24,2,Practice,4100,199,7.2,73,525.6,55.5,0.66,7.1,4,5,2,3,14,,
L. Svensson,RW,10/17/24,2,Practice,3103,353,4.1,70,287,58.3,-0.78,6.3,5,5,2,5,15,,
K. Magnusson,D,10/17/24,2,Practice,3650,337,4.8,80,384,35.9,-1.6,6.4,2,4,2,3,15,,
O. Lindqvist,D,10/17/24,2,Practice,4201,323,5.3,87,461.1,52,-1.67,7.4,4,3,3,3,13,,
V. Petrov,D,10/17/24,2,Practice,2636,296,6.3,69,434.7,57.9,0.21,6.9,2,5,4,3,18,,
H. Brennan,D,10/17/24,2,Practice,3962,420,3.9,81,315.9,49.4,2.27,7.3,3,1,4,2,12,,
Z. Karjalainen,D,10/17/24,2,Practice,3610,453,6.1,72,439.2,47.4,-0.09,7.2,4,5,4,3,16,,
W. Deschamps,D,10/17/24,2,Practice,4048,225,5,74,370,49.5,-1.51,7.1,3,4,4,5,18,,
G. Tuominen,D,10/17/24,2,Practice,3333,260,6,84,504,57,1.15,7.5,3,2,4,3,14,,
Y. Saarinen,G,10/17/24,2,Practice,1365,30,5.2,63,327.6,54.5,-2.46,7.8,2,4,3,4,17,,
I. Kovacs,G,10/17/24,2,Practice,2051,30,5.9,81,477.9,62.1,-1.3,7.8,3,5,3,3,16,,
E. Nystrom,G,10/17/24,2,Practice,1358,30,4.9,78,382.2,71.8,0.99,6.1,3,3,3,4,15,,
J. Kowalski,C,10/18/24,2,Game,5162,941,7.6,58,440.8,53.2,-1.13,7.1,3,3,4,2,14,OT,4-May
M. Eriksson,C,10/18/24,2,Game,4178,967,5.7,61,347.7,32.7,-3,6,4,5,3,4,16,L,3-Apr
T. Gallagher,C,10/18/24,2,Game,4247,628,7.2,60,432,74.2,0.48,7,4,4,3,5,16,W,4-Feb
B. Novak,C,10/18/24,2,Game,5846,988,6.5,63,409.5,53.3,-1.5,8.3,2,5,4,3,18,W,2-May
A. Berglund,LW,10/18/24,2,Game,5173,619,7.9,56,442.4,39,-2.26,7.4,3,5,2,3,15,L,4-Mar
P. Leclerc,LW,10/18/24,2,Game,4552,759,8.5,67,569.5,42.2,-1.62,7.5,3,2,4,3,14,W,2-Apr
D. Hartmann,LW,10/18/24,2,Game,4419,333,7.3,60,438,47.4,0.56,7.5,3,4,5,5,19,W,1-May
R. Okafor,LW,10/18/24,2,Game,4775,732,5.6,63,352.8,46.3,-2.04,6.6,2,3,2,5,16,L,5-Apr
S. Virtanen,RW,10/18/24,2,Game,4025,825,8.1,57,461.7,45.4,-1.85,7.5,3,4,3,4,16,L,4-Mar
C. Marchetti,RW,10/18/24,2,Game,5351,645,7.4,63,466.2,29.8,-2.7,6.9,4,6,3,2,15,L,5-Feb
N. Johansson,RW,10/18/24,2,Game,4562,1080,8.2,57,467.4,48,-0.2,7.1,3,5,2,4,16,L,4-May
F. Dubois,RW,10/18/24,2,Game,4271,1160,7.2,64,460.8,48.9,-0.6,6.6,4,2,2,5,13,W,1-Apr
L. Svensson,RW,10/18/24,2,Game,5373,280,7.9,60,474,62.5,-0.12,7.9,3,3,3,4,15,L,5-Mar
K. Magnusson,D,10/18/24,2,Game,4752,876,9,67,603,34.1,-2.03,7.6,3,3,3,1,12,OT,2-Mar
O. Lindqvist,D,10/18/24,2,Game,4249,401,6.9,63,434.7,62.4,0.01,7.4,3,3,2,3,13,L,2-Mar
V. Petrov,D,10/18/24,2,Game,4444,1021,7.4,67,495.8,59.1,0.42,7,3,5,3,2,15,L,5-Apr
H. Brennan,D,10/18/24,2,Game,4436,884,8.6,59,507.4,29,-2.78,6.9,3,3,2,5,15,OT,4-May
Z. Karjalainen,D,10/18/24,2,Game,3479,496,8.1,68,550.8,46,-0.38,6,4,1,4,3,12,L,4-Mar
W. Deschamps,D,10/18/24,2,Game,5034,556,7.8,64,499.2,63.1,0.84,7.7,3,5,5,2,17,W,2-Feb
G. Tuominen,D,10/18/24,2,Game,3904,367,6.6,61,402.6,43.3,-1.53,6.2,2,3,2,3,14,L,5-May
Y. Saarinen,G,10/18/24,2,Game,1683,80,7.7,60,462,68.7,-0.51,5.9,3,4,2,2,13,L,3-Mar
J. Kowalski,C,10/19/24,2,Practice,4446,361,4.7,76,357.2,47.6,-2.06,8.3,3,4,4,3,16,,
M. Eriksson,C,10/19/24,2,Practice,3009,299,4.6,65,299,54.8,0.22,7.3,3,4,3,5,17,,
T. Gallagher,C,10/19/24,2,Practice,4649,274,4.8,70,336,73.5,0.38,7.1,3,4,3,3,15,,
B. Novak,C,10/19/24,2,Practice,3726,432,4.8,72,345.6,53.1,-1.52,7.8,4,2,2,5,13,,
A. Berglund,LW,10/19/24,2,Practice,3244,234,5.2,65,338,55.7,1.06,6.9,4,5,5,4,18,,
P. Leclerc,LW,10/19/24,2,Practice,4123,452,5.3,86,455.8,53,0.52,7.4,1,3,4,3,17,,
D. Hartmann,LW,10/19/24,2,Practice,3640,519,6.9,67,462.3,46.7,0.4,7.5,4,4,6,2,16,,
R. Okafor,LW,10/19/24,2,Practice,4061,219,4.1,66,270.6,60.6,0.42,6.7,3,4,2,3,14,,
S. Virtanen,RW,10/19/24,2,Practice,3112,165,5.7,77,438.9,58,0.42,7,3,5,1,4,15,,
C. Marchetti,RW,10/19/24,2,Practice,4225,539,4.8,73,350.4,37.3,-0.84,6.3,4,4,3,5,16,,
N. Johansson,RW,10/19/24,2,Practice,4631,383,5.5,72,396,52.4,0.7,6.3,2,4,3,3,16,,
F. Dubois,RW,10/19/24,2,Practice,3969,337,6.7,84,562.8,56.9,0.93,6.4,2,1,5,3,15,,
L. Svensson,RW,10/19/24,2,Practice,3792,423,5.1,64,326.4,58.1,-0.81,5.5,2,4,1,2,13,,
K. Magnusson,D,10/19/24,2,Practice,3389,524,7.1,67,475.7,37.1,-1.33,6,3,3,3,4,15,,
O. Lindqvist,D,10/19/24,2,Practice,3098,326,5.7,65,370.5,59.4,-0.47,6.9,3,3,5,3,16,,
V. Petrov,D,10/19/24,2,Practice,4010,337,5.8,91,527.8,52.1,-0.81,7.1,2,4,5,4,19,,
H. Brennan,D,10/19/24,2,Practice,3432,439,4.7,86,404.2,37.8,-0.6,7.9,4,3,3,2,12,,
Z. Karjalainen,D,10/19/24,2,Practice,4110,211,5,64,320,41.5,-1.32,6.9,2,4,3,3,16,,
W. Deschamps,D,10/19/24,2,Practice,4106,244,4.1,86,352.6,62.3,0.69,9.7,2,4,2,3,15,,
G. Tuominen,D,10/19/24,2,Practice,3112,349,4.1,80,328,46.1,-0.98,6.8,3,2,3,3,13,,
Y. Saarinen,G,10/19/24,2,Practice,630,199,4.8,82,393.6,64.4,-1.1,9,5,4,3,3,13,,
I. Kovacs,G,10/19/24,2,Practice,1255,30,4.2,74,310.8,61.8,-1.34,6.5,4,4,3,5,16,,
E. Nystrom,G,10/19/24,2,Practice,2153,33,5,64,320,70.4,0.77,7.8,2,5,1,5,17,,
J. Kowalski,C,10/20/24,2,Off,,,,,,67,1.17,6,3,3,1,4,13,,
M. Eriksson,C,10/20/24,2,Off,,,,,,59.6,1.12,7.3,3,3,3,4,15,,
T. Gallagher,C,10/20/24,2,Off,,,,,,76.6,0.83,6.3,3,6,4,5,20,,
B. Novak,C,10/20/24,2,Off,,,,,,72.5,1.56,5.6,2,5,3,3,17,,
A. Berglund,LW,10/20/24,2,Off,,,,,,60.9,2.09,7.1,3,4,4,5,18,,
P. Leclerc,LW,10/20/24,2,Off,,,,,,54.2,0.77,6.7,3,4,4,2,15,,
D. Hartmann,LW,10/20/24,2,Off,,,,,,48.4,0.78,8.3,4,5,5,4,18,,
R. Okafor,LW,10/20/24,2,Off,,,,,,56.3,-0.31,7.4,3,3,4,4,16,,
S. Virtanen,RW,10/20/24,2,Off,,,,,,55.9,0.03,8,3,4,2,2,13,,
C. Marchetti,RW,10/20/24,2,Off,,,,,,42.8,0.5,6.4,4,5,2,3,14,,
N. Johansson,RW,10/20/24,2,Off,,,,,,47,-0.41,7.4,2,4,3,4,17,,
F. Dubois,RW,10/20/24,2,Off,,,,,,57.1,0.97,7.4,4,4,3,2,13,,
L. Svensson,RW,10/20/24,2,Off,,,,,,67.6,0.69,8.3,4,3,3,4,14,,
K. Magnusson,D,10/20/24,2,Off,,,,,,49.7,1.61,5.5,4,3,2,5,14,,
O. Lindqvist,D,10/20/24,2,Off,,,,,,75.2,2.06,7.5,3,4,4,3,16,,
V. Petrov,D,10/20/24,2,Off,,,,,,57.5,0.14,5.7,3,4,3,5,17,,
H. Brennan,D,10/20/24,2,Off,,,,,,33.3,-1.72,9.1,3,3,2,3,13,,
Z. Karjalainen,D,10/20/24,2,Off,,,,,,50.8,0.63,6.8,2,3,1,4,14,,
W. Deschamps,D,10/20/24,2,Off,,,,,,52.7,-0.95,7.9,3,5,3,3,16,,
G. Tuominen,D,10/20/24,2,Off,,,,,,48.7,-0.48,7.1,4,2,3,4,13,,
Y. Saarinen,G,10/20/24,2,Off,,,,,,71,-0.18,7.5,3,3,4,3,15,,
I. Kovacs,G,10/20/24,2,Off,,,,,,48.3,-3,7.4,3,2,3,4,14,,
E. Nystrom,G,10/20/24,2,Off,,,,,,60.5,-0.74,7.6,4,3,4,3,14,,
J. Kowalski,C,10/21/24,3,Practice,4714,312,4.6,71,326.6,61.3,0.23,6.1,3,3,5,3,16,,
M. Eriksson,C,10/21/24,3,Practice,4176,321,5.2,72,374.4,51.5,-0.4,8,2,3,2,4,15,,
T. Gallagher,C,10/21/24,3,Practice,4865,265,5.4,78,421.2,63.6,-1.02,5.6,3,4,3,5,17,,
B. Novak,C,10/21/24,3,Practice,4298,445,5.3,86,455.8,60.9,-0.29,7.7,2,2,3,4,15,,
A. Berglund,LW,10/21/24,3,Practice,3745,473,7.5,71,532.5,49,-0.26,7.5,3,5,2,2,14,,
P. Leclerc,LW,10/21/24,3,Practice,3161,356,8.2,73,598.6,48.2,-0.43,7.2,4,3,5,4,16,,
D. Hartmann,LW,10/21/24,3,Practice,3874,480,5.2,75,390,47.5,0.58,6.8,2,3,4,3,16,,
R. Okafor,LW,10/21/24,3,Practice,4336,197,4.1,76,311.6,60.2,0.35,7.6,5,4,4,3,14,,
S. Virtanen,RW,10/21/24,3,Practice,4883,393,5.7,83,473.1,59.5,0.69,7.2,3,3,1,4,13,,
C. Marchetti,RW,10/21/24,3,Practice,3938,513,4.8,66,316.8,42,0.31,6.5,4,6,3,5,18,,
N. Johansson,RW,10/21/24,3,Practice,4522,472,6.2,73,452.6,44.9,-0.84,6.4,3,3,2,2,12,,
F. Dubois,RW,10/21/24,3,Practice,4594,287,4.9,70,343,33.5,-3,7.9,4,3,2,3,12,,
L. Svensson,RW,10/21/24,3,Practice,4229,182,4.4,84,369.6,61.6,-0.26,5.7,4,3,3,4,14,,
K. Magnusson,D,10/21/24,3,Practice,3940,453,5.8,64,371.2,39.5,-0.77,8.9,4,4,3,4,15,,
O. Lindqvist,D,10/21/24,3,Practice,3536,420,4.9,76,372.4,58.9,-0.55,6.3,2,2,2,5,15,,
V. Petrov,D,10/21/24,3,Practice,3694,268,6.5,83,539.5,52.9,-0.66,6.2,5,3,4,5,15,,
H. Brennan,D,10/21/24,3,Practice,4113,426,7,70,490,39.8,-0.1,7.1,3,2,4,6,17,,
Z. Karjalainen,D,10/21/24,3,Practice,4089,384,5.8,80,464,42.5,-1.12,6.9,3,3,3,4,15,,
W. Deschamps,D,10/21/24,3,Practice,4631,330,4.2,71,298.2,67.1,1.52,7.2,3,5,2,4,16,,
G. Tuominen,D,10/21/24,3,Practice,3541,287,6.9,71,489.9,58,1.34,7.9,3,3,4,6,18,,
Y. Saarinen,G,10/21/24,3,Practice,1824,30,5.4,72,388.8,62.1,-1.41,7.9,2,4,3,2,15,,
I. Kovacs,G,10/21/24,3,Practice,897,78,4.1,77,315.7,72.1,0.11,6.5,3,2,4,6,17,,
E. Nystrom,G,10/21/24,3,Practice,1637,148,3.8,84,319.2,72.1,1.04,6.9,3,4,2,5,16,,
J. Kowalski,C,10/22/24,3,Travel,,,,,,64.5,0.76,6.6,2,3,3,2,14,,
M. Eriksson,C,10/22/24,3,Travel,,,,,,51.9,-0.32,6.8,3,4,4,3,16,,
T. Gallagher,C,10/22/24,3,Travel,,,,,,83,1.73,5.4,3,6,3,3,17,,
B. Novak,C,10/22/24,3,Travel,,,,,,60.6,-0.34,6.6,4,4,3,4,15,,
A. Berglund,LW,10/22/24,3,Travel,,,,,,50.4,0,6.3,3,3,5,1,14,,
P. Leclerc,LW,10/22/24,3,Travel,,,,,,54.1,0.75,7.2,3,1,3,3,12,,
D. Hartmann,LW,10/22/24,3,Travel,,,,,,55.7,2.4,7.3,3,2,4,6,17,,
R. Okafor,LW,10/22/24,3,Travel,,,,,,63.9,0.99,5.9,3,4,3,3,15,,
S. Virtanen,RW,10/22/24,3,Travel,,,,,,44.3,-2.05,8,4,4,3,3,14,,
C. Marchetti,RW,10/22/24,3,Travel,,,,,,37.8,-0.74,6.9,4,4,4,5,17,,
N. Johansson,RW,10/22/24,3,Travel,,,,,,44.2,-0.98,7.7,4,4,5,2,15,,
F. Dubois,RW,10/22/24,3,Travel,,,,,,58.9,1.31,7.1,2,3,2,2,13,,
L. Svensson,RW,10/22/24,3,Travel,,,,,,52.3,-1.72,6.8,2,5,3,2,16,,
K. Magnusson,D,10/22/24,3,Travel,,,,,,39.6,-0.73,6.1,1,4,3,2,16,,
O. Lindqvist,D,10/22/24,3,Travel,,,,,,70.9,1.36,7.6,2,3,4,4,17,,
V. Petrov,D,10/22/24,3,Travel,,,,,,52.4,-0.76,7,4,3,2,2,11,,
H. Brennan,D,10/22/24,3,Travel,,,,,,38.2,-0.51,7.5,2,4,2,3,15,,
Z. Karjalainen,D,10/22/24,3,Travel,,,,,,48.9,0.24,4.3,2,3,5,2,16,,
W. Deschamps,D,10/22/24,3,Travel,,,,,,60.5,0.39,6.5,3,3,2,7,17,,
G. Tuominen,D,10/22/24,3,Travel,,,,,,42.9,-1.61,7.4,4,3,4,4,15,,
Y. Saarinen,G,10/22/24,3,Travel,,,,,,69.7,-0.36,8.2,2,2,3,3,14,,
I. Kovacs,G,10/22/24,3,Travel,,,,,,58,-1.87,8.6,2,3,4,3,16,,
E. Nystrom,G,10/22/24,3,Travel,,,,,,63.1,-0.33,8.2,1,4,2,5,18,,
J. Kowalski,C,10/23/24,3,Game,4981,1043,8.4,64,537.6,56,-0.66,7.1,4,2,3,3,12,W,2-May
M. Eriksson,C,10/23/24,3,Game,2868,672,6.8,64,435.2,57.5,0.72,7.8,4,3,4,3,14,W,3-Apr
T. Gallagher,C,10/23/24,3,Game,6528,767,8.2,67,549.4,65.9,-0.69,7.7,4,2,2,5,13,W,4-Apr
B. Novak,C,10/23/24,3,Game,4498,763,8.2,58,475.6,59.1,-0.56,7.5,2,4,2,2,14,OT,3-Apr
A. Berglund,LW,10/23/24,3,Game,6441,387,6.2,67,415.4,41.6,-1.75,7.6,3,4,3,2,14,W,4-Feb
P. Leclerc,LW,10/23/24,3,Game,4972,861,6,65,390,53.1,0.56,6.8,3,4,5,4,18,L,3-May
D. Hartmann,LW,10/23/24,3,Game,4506,853,7.1,64,454.4,27.6,-3,6.6,4,2,4,5,15,W,1-Apr
R. Okafor,LW,10/23/24,3,Game,4520,1025,8.6,65,559,55.1,-0.52,7.7,4,5,2,3,14,L,4-May
S. Virtanen,RW,10/23/24,3,Game,4811,1400,7.8,62,483.6,49.1,-1.17,7.9,3,3,2,3,13,L,5-Feb
C. Marchetti,RW,10/23/24,3,Game,4613,880,5.9,58,342.2,36.9,-0.95,7,3,4,5,5,19,W,4-Feb
N. Johansson,RW,10/23/24,3,Game,5044,769,7.7,62,477.4,42,-1.44,7.3,4,4,3,4,15,L,3-Feb
F. Dubois,RW,10/23/24,3,Game,4839,961,7.7,66,508.2,58.2,1.17,5.8,3,4,4,4,17,W,2-May
L. Svensson,RW,10/23/24,3,Game,4944,787,9.4,60,564,50.2,-2.06,6.5,2,3,1,4,14,OT,2-Mar
K. Magnusson,D,10/23/24,3,Game,3978,676,6.7,65,435.5,38.3,-1.06,8.2,5,6,2,7,18,L,3-Apr
O. Lindqvist,D,10/23/24,3,Game,4093,811,6.4,61,390.4,54.7,-1.23,7.5,4,2,4,3,13,L,4-May
V. Petrov,D,10/23/24,3,Game,3861,307,7.1,67,475.7,48.2,-1.5,6,2,4,2,5,17,W,3-Feb
H. Brennan,D,10/23/24,3,Game,5029,988,7.9,64,505.6,33.3,-1.72,7.1,3,3,2,4,14,L,5-Apr
Z. Karjalainen,D,10/23/24,3,Game,5158,919,7.3,64,467.2,42.9,-1.03,8.2,3,2,4,5,16,W,4-May
W. Deschamps,D,10/23/24,3,Game,5872,669,5.8,63,365.4,57.5,-0.12,6.4,4,4,4,4,16,L,3-Feb
G. Tuominen,D,10/23/24,3,Game,4017,667,7.5,62,465,48.2,-0.58,6.7,3,5,4,5,19,W,3-May
Y. Saarinen,G,10/23/24,3,Game,1639,80,7.9,63,497.7,56.8,-2.14,7.7,3,4,4,2,15,W,3-May
J. Kowalski,C,10/24/24,3,Practice,4087,382,7.1,75,532.5,55.5,-0.74,7.3,4,5,3,5,17,,
M. Eriksson,C,10/24/24,3,Practice,3852,563,5.7,68,387.6,48.3,-0.99,6.7,3,4,4,4,17,,
T. Gallagher,C,10/24/24,3,Practice,5219,323,6.3,71,447.3,68.6,-0.31,6.8,4,3,2,6,15,,
B. Novak,C,10/24/24,3,Practice,3186,355,3.8,67,254.6,53.7,-1.43,7.1,2,4,3,5,18,,
A. Berglund,LW,10/24/24,3,Practice,4604,339,7.2,63,453.6,59.8,1.88,6.9,3,2,4,5,16,,
P. Leclerc,LW,10/24/24,3,Practice,3833,309,4.2,74,310.8,48,-0.47,6.7,3,4,3,3,15,,
D. Hartmann,LW,10/24/24,3,Practice,3688,370,5.5,63,346.5,44.6,-0.06,8,4,4,3,5,16,,
R. Okafor,LW,10/24/24,3,Practice,4122,302,3.5,75,262.5,56.5,-0.28,8.1,3,5,3,4,17,,
S. Virtanen,RW,10/24/24,3,Practice,3919,191,5.2,77,400.4,60,0.77,7,3,4,6,5,20,,
C. Marchetti,RW,10/24/24,3,Practice,4231,400,3.2,69,220.8,36.8,-0.96,5.6,3,4,4,4,17,,
N. Johansson,RW,10/24/24,3,Practice,3265,220,4.3,67,288.1,50.2,0.24,6.9,3,5,2,4,16,,
F. Dubois,RW,10/24/24,3,Practice,4027,429,6.2,67,415.4,48.2,-0.74,7.5,3,5,2,3,15,,
L. Svensson,RW,10/24/24,3,Practice,4379,211,5.7,69,393.3,60.5,-0.44,7.9,3,4,5,4,18,,
K. Magnusson,D,10/24/24,3,Practice,3783,293,4.9,63,308.7,42.1,-0.15,6.3,3,3,3,5,16,,
O. Lindqvist,D,10/24/24,3,Practice,3657,164,8.1,86,696.6,60.8,-0.25,6.7,4,4,2,3,13,,
V. Petrov,D,10/24/24,3,Practice,4426,460,6.1,72,439.2,54.3,-0.43,7.2,3,2,4,4,15,,
H. Brennan,D,10/24/24,3,Practice,4144,418,5,73,365,42.1,0.46,7.6,5,6,3,1,13,,
Z. Karjalainen,D,10/24/24,3,Practice,3650,264,5,70,350,43,-1.01,7.4,4,4,2,3,13,,
W. Deschamps,D,10/24/24,3,Practice,4112,450,3.6,72,259.2,64.4,1.05,7.5,3,5,3,3,16,,
G. Tuominen,D,10/24/24,3,Practice,3640,435,5.4,61,329.4,55.4,0.83,7.7,4,3,5,3,15,,
Y. Saarinen,G,10/24/24,3,Practice,1537,64,6.6,69,455.4,67.4,-0.68,9.6,4,3,2,2,11,,
I. Kovacs,G,10/24/24,3,Practice,1571,202,6.4,75,480,65.2,-0.86,8.4,3,4,1,3,13,,
E. Nystrom,G,10/24/24,3,Practice,1105,30,6.1,63,384.3,61.6,-0.57,6.3,3,6,4,3,18,,
J. Kowalski,C,10/25/24,3,Travel,,,,,,64.8,0.81,4.9,2,5,3,2,16,,
M. Eriksson,C,10/25/24,3,Travel,,,,,,65.5,2.21,7.7,5,4,4,6,17,,
T. Gallagher,C,10/25/24,3,Travel,,,,,,81.1,1.45,6.7,3,4,4,4,17,,
B. Novak,C,10/25/24,3,Travel,,,,,,61,-0.27,6.4,5,4,2,5,14,,
A. Berglund,LW,10/25/24,3,Travel,,,,,,46.2,-0.83,6.7,1,2,5,5,19,,
P. Leclerc,LW,10/25/24,3,Travel,,,,,,49.1,-0.24,7.1,3,3,4,4,16,,
D. Hartmann,LW,10/25/24,3,Travel,,,,,,40.5,-0.97,6.1,3,3,3,4,15,,
R. Okafor,LW,10/25/24,3,Travel,,,,,,60.1,0.33,6.8,3,4,4,2,15,,
S. Virtanen,RW,10/25/24,3,Travel,,,,,,67.9,2.19,7.8,3,3,3,3,14,,
C. Marchetti,RW,10/25/24,3,Travel,,,,,,39,-0.44,7.8,3,4,3,5,17,,
N. Johansson,RW,10/25/24,3,Travel,,,,,,50.2,0.25,5.3,3,3,2,3,13,,
F. Dubois,RW,10/25/24,3,Travel,,,,,,53.7,0.31,7.2,4,4,2,5,15,,
L. Svensson,RW,10/25/24,3,Travel,,,,,,65.7,0.4,7,4,3,2,5,14,,
K. Magnusson,D,10/25/24,3,Travel,,,,,,42.6,-0.04,7.3,4,4,3,5,16,,
O. Lindqvist,D,10/25/24,3,Travel,,,,,,58.5,-0.63,7.1,3,5,2,4,16,,
V. Petrov,D,10/25/24,3,Travel,,,,,,57.2,0.09,6.7,3,4,4,3,16,,
H. Brennan,D,10/25/24,3,Travel,,,,,,43.6,0.83,6.4,2,3,2,4,15,,
Z. Karjalainen,D,10/25/24,3,Travel,,,,,,48.5,0.15,7.2,3,4,4,3,16,,
W. Deschamps,D,10/25/24,3,Travel,,,,,,59.3,0.19,6.5,4,6,2,4,16,,
G. Tuominen,D,10/25/24,3,Travel,,,,,,48,-0.62,6.3,4,5,3,3,15,,
Y. Saarinen,G,10/25/24,3,Travel,,,,,,75.6,0.46,6.3,4,3,4,5,16,,
I. Kovacs,G,10/25/24,3,Travel,,,,,,82.3,1.54,6.6,3,4,3,4,16,,
E. Nystrom,G,10/25/24,3,Travel,,,,,,63.2,-0.32,7.1,5,2,5,4,14,,
J. Kowalski,C,10/26/24,3,Game,4816,1028,6.9,67,462.3,52.6,-1.23,6.4,4,4,4,2,14,OT,3-Apr
M. Eriksson,C,10/26/24,3,Game,6262,780,6.4,60,384,42.3,-2.11,7.5,3,4,3,4,16,L,3-Mar
T. Gallagher,C,10/26/24,3,Game,6343,659,8.6,61,524.6,57.2,-1.92,5.8,2,3,3,5,17,W,3-Mar
B. Novak,C,10/26/24,3,Game,4899,804,8.8,59,519.2,50.3,-1.98,7.3,4,4,4,4,16,L,5-May
A. Berglund,LW,10/26/24,3,Game,3467,905,6.9,60,414,45.1,-1.05,6.9,2,4,1,4,15,L,4-Feb
P. Leclerc,LW,10/26/24,3,Game,5725,832,8.6,61,524.6,47.1,-0.65,7.9,3,3,5,2,15,L,2-May
D. Hartmann,LW,10/26/24,3,Game,5467,899,7.3,64,467.2,37.2,-1.7,6.4,3,4,5,3,17,L,4-Feb
R. Okafor,LW,10/26/24,3,Game,5172,961,9.3,53,492.9,62,0.66,5.9,5,4,3,3,13,L,3-Mar
S. Virtanen,RW,10/26/24,3,Game,5412,635,7.9,60,474,53.5,-0.38,7.6,4,2,5,1,12,L,4-Apr
C. Marchetti,RW,10/26/24,3,Game,4979,822,7.6,58,440.8,40.6,-0.04,8.3,2,4,3,5,18,L,5-Apr
N. Johansson,RW,10/26/24,3,Game,5649,1009,7,56,392,49.2,0.04,6.3,2,5,2,4,17,W,1-May
F. Dubois,RW,10/26/24,3,Game,4920,1015,8.1,69,558.9,37.7,-2.77,9.3,4,3,3,3,13,L,5-Apr
L. Svensson,RW,10/26/24,3,Game,5116,998,6.5,60,390,54.7,-1.34,8.8,2,4,5,3,18,W,4-May
K. Magnusson,D,10/26/24,3,Game,4747,967,8.6,68,584.8,35.5,-1.71,7.8,3,4,4,2,15,L,2-May
O. Lindqvist,D,10/26/24,3,Game,4851,896,7.9,57,450.3,54.5,-1.26,7.5,3,4,3,4,16,OT,2-Mar
V. Petrov,D,10/26/24,3,Game,4549,488,9,59,531,63.5,1.2,7.6,3,4,5,3,17,W,2-Feb
H. Brennan,D,10/26/24,3,Game,4293,1042,8.1,64,518.4,30.7,-2.37,6.9,3,4,3,3,15,OT,3-Apr
Z. Karjalainen,D,10/26/24,3,Game,4526,904,7.5,61,457.5,43.6,-0.89,6.8,2,2,5,4,17,W,3-May
W. Deschamps,D,10/26/24,3,Game,4719,731,7.4,54,399.6,56,-0.38,7.6,3,3,4,3,15,L,5-Apr
G. Tuominen,D,10/26/24,3,Game,5238,1110,9.3,54,502.2,50.1,-0.21,6.8,3,2,4,4,15,W,2-Mar
Y. Saarinen,G,10/26/24,3,Game,2223,80,6.5,64,416,56.2,-2.22,7.3,4,3,5,5,17,L,5-Feb
J. Kowalski,C,10/27/24,3,Off,,,,,,56.9,-0.51,7.8,4,5,2,2,13,,
M. Eriksson,C,10/27/24,3,Off,,,,,,42.8,-2.01,6.4,3,4,4,4,17,,
T. Gallagher,C,10/27/24,3,Off,,,,,,73,0.31,7.1,3,4,4,4,17,,
B. Novak,C,10/27/24,3,Off,,,,,,58.6,-0.65,7.8,2,3,3,4,16,,
A. Berglund,LW,10/27/24,3,Off,,,,,,47.9,-0.49,7.8,4,4,3,2,13,,
P. Leclerc,LW,10/27/24,3,Off,,,,,,54,0.72,7,3,4,2,3,14,,
D. Hartmann,LW,10/27/24,3,Off,,,,,,53.3,1.87,6.5,2,2,3,3,14,,
R. Okafor,LW,10/27/24,3,Off,,,,,,47.6,-1.81,7.3,3,3,1,4,13,,
S. Virtanen,RW,10/27/24,3,Off,,,,,,55.9,0.04,6.1,4,4,1,3,12,,
C. Marchetti,RW,10/27/24,3,Off,,,,,,35.8,-1.22,7.5,3,1,3,5,14,,
N. Johansson,RW,10/27/24,3,Off,,,,,,50.7,0.34,7,3,3,3,4,15,,
F. Dubois,RW,10/27/24,3,Off,,,,,,62.7,2.05,7.5,3,3,4,3,15,,
L. Svensson,RW,10/27/24,3,Off,,,,,,60.5,-0.42,6.5,4,2,4,4,14,,
K. Magnusson,D,10/27/24,3,Off,,,,,,44,0.28,7,3,5,3,2,15,,
O. Lindqvist,D,10/27/24,3,Off,,,,,,55.6,-1.09,7,2,4,2,3,15,,
V. Petrov,D,10/27/24,3,Off,,,,,,57.7,0.18,7.1,2,4,3,3,16,,
H. Brennan,D,10/27/24,3,Off,,,,,,45.9,1.42,8.5,3,4,2,3,14,,
Z. Karjalainen,D,10/27/24,3,Off,,,,,,50.5,0.56,7.3,2,3,3,3,15,,
W. Deschamps,D,10/27/24,3,Off,,,,,,63.8,0.95,6.9,3,3,3,3,14,,
G. Tuominen,D,10/27/24,3,Off,,,,,,52.7,0.3,7.5,4,3,5,3,15,,
Y. Saarinen,G,10/27/24,3,Off,,,,,,74.5,0.31,7.1,4,3,3,5,15,,
I. Kovacs,G,10/27/24,3,Off,,,,,,83.2,1.67,6.6,3,5,3,5,18,,
E. Nystrom,G,10/27/24,3,Off,,,,,,65.2,-0.02,7.2,4,5,2,4,15,,
J. Kowalski,C,10/28/24,4,Practice,4860,444,3.7,72,266.4,64.1,0.7,7.3,4,4,2,1,11,,
M. Eriksson,C,10/28/24,4,Practice,4012,272,3.9,68,265.2,51.6,-0.37,8.3,2,4,3,4,17,,
T. Gallagher,C,10/28/24,4,Practice,5003,375,4.8,73,350.4,59.7,-1.57,7.1,3,4,4,4,17,,
B. Novak,C,10/28/24,4,Practice,4217,427,5.8,61,353.8,70.9,1.31,7.1,3,4,4,2,15,,
A. Berglund,LW,10/28/24,4,Practice,4040,203,4.8,72,345.6,56.4,1.2,7,3,4,2,4,15,,
P. Leclerc,LW,10/28/24,4,Practice,3650,418,6.7,79,529.3,41.1,-1.84,8.2,5,5,3,2,13,,
D. Hartmann,LW,10/28/24,4,Practice,3320,345,6.8,73,496.4,39,-1.31,8.6,5,3,3,4,13,,
R. Okafor,LW,10/28/24,4,Practice,3829,483,6.5,75,487.5,58.6,0.08,6.7,3,5,4,5,19,,
S. Virtanen,RW,10/28/24,4,Practice,3704,441,5.8,84,487.2,53.9,-0.32,7.9,3,4,4,5,18,,
C. Marchetti,RW,10/28/24,4,Practice,3987,507,3.4,64,217.6,41.2,0.11,7.1,4,3,4,5,16,,
N. Johansson,RW,10/28/24,4,Practice,5057,412,5.6,63,352.8,52.4,0.7,6.6,4,4,3,4,15,,
F. Dubois,RW,10/28/24,4,Practice,3964,194,5.2,70,364,52.9,0.15,7.3,4,4,3,3,14,,
L. Svensson,RW,10/28/24,4,Practice,4443,489,6.5,70,455,67,0.59,7.8,3,2,2,4,13,,
K. Magnusson,D,10/28/24,4,Practice,3174,350,6,65,390,46.7,0.92,6.7,2,3,3,3,15,,
O. Lindqvist,D,10/28/24,4,Practice,3751,303,5.3,62,328.6,70.6,1.31,6.4,2,4,3,2,15,,
V. Petrov,D,10/28/24,4,Practice,4252,437,3.2,70,224,52.6,-0.72,6.9,2,2,4,2,14,,
H. Brennan,D,10/28/24,4,Practice,4094,231,4.6,82,377.2,44,0.94,8,3,3,3,4,15,,
Z. Karjalainen,D,10/28/24,4,Practice,4190,191,4.1,75,307.5,38.3,-1.99,7.1,3,4,3,3,15,,
W. Deschamps,D,10/28/24,4,Practice,3562,373,3.9,68,265.2,54.7,-0.61,7.1,2,3,2,4,15,,
G. Tuominen,D,10/28/24,4,Practice,4129,201,4.7,85,399.5,52.2,0.21,6.7,2,3,6,3,18,,
Y. Saarinen,G,10/28/24,4,Practice,2120,132,4.7,67,314.9,56.8,-2.15,8.4,3,5,4,2,16,,
I. Kovacs,G,10/28/24,4,Practice,1296,30,5,76,380,77.9,0.93,7.2,2,4,3,1,14,,
E. Nystrom,G,10/28/24,4,Practice,1709,76,6.2,69,427.8,68.3,0.46,8.6,2,3,2,4,15,,
J. Kowalski,C,10/29/24,4,Game,5540,1066,8.1,54,437.4,57,-0.5,7.4,3,5,5,3,18,L,5-Feb
M. Eriksson,C,10/29/24,4,Game,5075,808,6.2,60,372,43.7,-1.85,6.8,3,4,1,2,12,L,2-May
T. Gallagher,C,10/29/24,4,Game,5814,935,8.9,60,534,69.5,-0.18,7,4,3,3,4,14,L,4-Mar
B. Novak,C,10/29/24,4,Game,5153,1109,7.8,59,460.2,64.4,0.28,7.2,2,5,3,4,18,W,4-Mar
A. Berglund,LW,10/29/24,4,Game,5201,793,6.1,57,347.7,51.7,0.27,6.3,3,5,3,3,16,W,1-Apr
P. Leclerc,LW,10/29/24,4,Game,4702,951,6,68,408,46.2,-0.82,6.8,3,4,4,5,18,L,5-May
D. Hartmann,LW,10/29/24,4,Game,3408,641,6.4,63,403.2,36.8,-1.79,6.9,3,3,4,2,14,L,5-May
R. Okafor,LW,10/29/24,4,Game,4994,750,8.8,61,536.8,51.6,-1.12,6.2,2,5,3,4,18,L,3-May
S. Virtanen,RW,10/29/24,4,Game,4972,886,8.4,62,520.8,40.6,-2.71,8.6,4,3,3,3,13,W,3-May
C. Marchetti,RW,10/29/24,4,Game,4847,1042,7.5,54,405,35.6,-1.27,8.2,2,3,3,3,15,L,5-Feb
N. Johansson,RW,10/29/24,4,Game,4779,936,8.3,59,489.7,46.6,-0.5,6.9,3,4,3,4,16,L,5-Mar
F. Dubois,RW,10/29/24,4,Game,5201,718,7.9,61,481.9,48.7,-0.65,7.1,3,2,5,4,16,W,4-Feb
L. Svensson,RW,10/29/24,4,Game,5076,1022,8.1,60,486,50.6,-2,8.1,3,5,3,4,17,W,3-May
K. Magnusson,D,10/29/24,4,Game,4665,589,6.5,66,429,42.5,-0.08,6.9,4,4,2,6,16,L,4-Mar
O. Lindqvist,D,10/29/24,4,Game,4290,916,5.4,57,307.8,55.7,-1.07,6.1,5,5,3,3,14,L,2-Feb
V. Petrov,D,10/29/24,4,Game,5918,543,6.9,57,393.3,49,-1.37,7.7,4,2,3,5,14,L,4-Feb
H. Brennan,D,10/29/24,4,Game,3765,755,7.9,59,466.1,38.3,-0.47,7,4,4,2,1,11,L,4-Apr
Z. Karjalainen,D,10/29/24,4,Game,4881,1232,6.9,58,400.2,40.3,-1.57,6.5,3,4,4,4,17,W,3-Feb
W. Deschamps,D,10/29/24,4,Game,4775,615,7.2,51,367.2,42.1,-2.78,7.7,2,3,5,2,16,L,3-May
G. Tuominen,D,10/29/24,4,Game,4726,900,9,56,504,48.3,-0.56,6.8,5,3,3,4,13,W,3-Feb
Y. Saarinen,G,10/29/24,4,Game,2521,406,7.8,71,553.8,50.1,-3,7.7,4,3,3,3,13,L,5-May
J. Kowalski,C,10/30/24,4,Practice,4169,413,6.2,65,403,72.1,2.02,6.5,5,6,3,3,15,,
M. Eriksson,C,10/30/24,4,Practice,4022,229,5.3,84,445.2,42.9,-2.01,7.4,3,4,3,3,15,,
T. Gallagher,C,10/30/24,4,Practice,4605,382,5.6,81,453.6,79.3,1.2,7.4,4,4,1,5,14,,
B. Novak,C,10/30/24,4,Practice,4113,426,5.1,75,382.5,58.1,-0.74,6.8,2,4,3,4,17,,
A. Berglund,LW,10/30/24,4,Practice,3448,411,6.7,66,442.2,47.9,-0.49,6.8,2,5,2,3,16,,
P. Leclerc,LW,10/30/24,4,Practice,3318,237,5.4,76,410.4,61.5,2.22,6.9,3,3,3,4,15,,
D. Hartmann,LW,10/30/24,4,Practice,3541,344,5.8,78,452.4,38.4,-1.44,8.3,4,2,2,2,10,,
R. Okafor,LW,10/30/24,4,Practice,3842,344,5.8,73,423.4,61.2,0.53,6.6,3,4,3,4,16,,
S. Virtanen,RW,10/30/24,4,Practice,3736,374,4.2,70,294,62,1.14,8.1,2,5,3,4,18,,
C. Marchetti,RW,10/30/24,4,Practice,4337,413,4.7,65,305.5,40.8,0.01,7.6,3,2,2,5,14,,
N. Johansson,RW,10/30/24,4,Practice,4166,284,5.7,70,399,43.4,-1.14,7,3,2,2,4,13,,
F. Dubois,RW,10/30/24,4,Practice,4251,324,6.2,74,458.8,32.3,-3,7.3,2,3,3,5,17,,
L. Svensson,RW,10/30/24,4,Practice,4277,439,5.7,70,399,64.9,0.27,5.9,3,4,5,2,16,,
K. Magnusson,D,10/30/24,4,Practice,3930,372,5.6,67,375.2,38.7,-0.96,7.4,3,2,4,4,15,,
O. Lindqvist,D,10/30/24,4,Practice,3322,405,4.2,75,315,62.2,-0.03,6.7,3,4,4,3,16,,
V. Petrov,D,10/30/24,4,Practice,3751,318,4.4,81,356.4,49.5,-1.26,6.8,3,2,1,3,11,,
H. Brennan,D,10/30/24,4,Practice,3463,271,4.7,70,329,39.2,-0.25,7.9,4,3,2,2,11,,
Z. Karjalainen,D,10/30/24,4,Practice,3653,224,5,72,360,41.5,-1.33,7.6,3,3,4,3,15,,
W. Deschamps,D,10/30/24,4,Practice,4256,239,5.1,77,392.7,58.1,-0.03,7.5,2,4,3,4,17,,
G. Tuominen,D,10/30/24,4,Practice,3790,329,5.5,65,357.5,48.7,-0.48,7.1,5,2,2,5,12,,
Y. Saarinen,G,10/30/24,4,Practice,1436,30,5.8,77,446.6,68.1,-0.58,7.3,2,5,4,3,18,,
I. Kovacs,G,10/30/24,4,Practice,1484,30,5,72,360,74.6,0.46,7.4,2,4,4,2,16,,
E. Nystrom,G,10/30/24,4,Practice,2524,170,6.7,75,502.5,69.6,0.65,7.6,3,5,3,3,16,,
J. Kowalski,C,10/31/24,4,Practice,3933,415,3.9,81,315.9,53.7,-1.04,6.9,4,4,2,3,13,,
M. Eriksson,C,10/31/24,4,Practice,3830,368,5.5,76,418,43.3,-1.93,6.7,5,6,5,3,17,,
T. Gallagher,C,10/31/24,4,Practice,3476,286,5.2,83,431.6,62.2,-1.22,6.4,3,4,3,2,14,,
B. Novak,C,10/31/24,4,Practice,4346,308,4.7,78,366.6,61.4,-0.2,6.7,3,4,2,3,14,,
A. Berglund,LW,10/31/24,4,Practice,4585,419,6.8,70,476,44.6,-1.14,5.8,3,3,4,4,16,,
P. Leclerc,LW,10/31/24,4,Practice,3812,328,3.8,67,254.6,47.2,-0.63,7.6,2,5,4,1,16,,
D. Hartmann,LW,10/31/24,4,Practice,4258,414,4.8,71,340.8,48.1,0.71,6.5,4,3,2,5,14,,
R. Okafor,LW,10/31/24,4,Practice,4755,256,5,79,395,60.4,0.39,6.6,5,5,4,5,17,,
S. Virtanen,RW,10/31/24,4,Practice,4231,511,5.6,72,403.2,58.4,0.49,7.8,4,3,1,3,11,,
C. Marchetti,RW,10/31/24,4,Practice,3829,433,7.2,74,532.8,39.6,-0.27,6.5,3,4,3,4,16,,
N. Johansson,RW,10/31/24,4,Practice,3419,443,4.8,66,316.8,45.3,-0.76,5.8,3,2,3,4,14,,
F. Dubois,RW,10/31/24,4,Practice,4972,232,5.4,72,388.8,47.9,-0.8,6.8,2,5,4,5,20,,
L. Svensson,RW,10/31/24,4,Practice,3887,262,5.7,66,376.2,64.9,0.27,8.3,4,4,2,2,12,,
K. Magnusson,D,10/31/24,4,Practice,4291,309,4.4,56,246.4,47.8,1.17,7.6,3,3,3,5,16,,
O. Lindqvist,D,10/31/24,4,Practice,2751,260,4.6,70,322,60.1,-0.37,8.1,3,5,2,4,16,,
V. Petrov,D,10/31/24,4,Practice,3728,356,5.8,68,394.4,48.2,-1.5,7.6,2,3,3,4,16,,
H. Brennan,D,10/31/24,4,Practice,3626,242,5.7,66,376.2,34.4,-1.45,6.7,2,2,4,2,14,,
Z. Karjalainen,D,10/31/24,4,Practice,4113,274,4.7,75,352.5,46.8,-0.2,5.8,3,4,2,3,14,,
W. Deschamps,D,10/31/24,4,Practice,3989,407,4.4,69,303.6,45.7,-2.15,7,3,3,1,4,13,,
G. Tuominen,D,10/31/24,4,Practice,3756,272,4.9,86,421.4,50,-0.22,6.6,3,4,4,5,18,,
Y. Saarinen,G,10/31/24,4,Practice,966,101,6.1,78,475.8,56.7,-2.16,6.3,3,6,2,3,16,,
I. Kovacs,G,10/31/24,4,Practice,1564,45,5.9,75,442.5,69.6,-0.25,7.3,3,4,3,4,16,,
E. Nystrom,G,10/31/24,4,Practice,2198,30,5.4,69,372.6,67.1,0.27,7,2,3,4,1,14,,
J. Kowalski,C,11/1/24,4,Travel,,,,,,58.8,-0.2,5.6,3,5,4,3,17,,
M. Eriksson,C,11/1/24,4,Travel,,,,,,58.7,0.96,6.2,2,2,2,4,14,,
T. Gallagher,C,11/1/24,4,Travel,,,,,,76.7,0.84,8.4,3,3,4,5,17,,
B. Novak,C,11/1/24,4,Travel,,,,,,67.7,0.8,7.1,3,5,4,3,17,,
A. Berglund,LW,11/1/24,4,Travel,,,,,,49,-0.26,6.8,3,4,4,4,17,,
P. Leclerc,LW,11/1/24,4,Travel,,,,,,48.2,-0.43,7,3,4,3,3,15,,
D. Hartmann,LW,11/1/24,4,Travel,,,,,,47.4,0.57,7.2,3,4,4,4,17,,
R. Okafor,LW,11/1/24,4,Travel,,,,,,58.8,0.12,7.3,3,4,3,3,15,,
S. Virtanen,RW,11/1/24,4,Travel,,,,,,54.7,-0.17,7.2,3,1,5,5,16,,
C. Marchetti,RW,11/1/24,4,Travel,,,,,,48.4,1.89,6.4,3,2,3,4,14,,
N. Johansson,RW,11/1/24,4,Travel,,,,,,46.4,-0.52,6.7,4,3,4,5,16,,
F. Dubois,RW,11/1/24,4,Travel,,,,,,53.4,0.25,7.5,4,3,3,2,12,,
L. Svensson,RW,11/1/24,4,Travel,,,,,,70,1.07,6.5,3,5,3,4,17,,
K. Magnusson,D,11/1/24,4,Travel,,,,,,40.5,-0.53,6.3,3,2,2,3,12,,
O. Lindqvist,D,11/1/24,4,Travel,,,,,,71.1,1.4,7.7,3,4,2,3,14,,
V. Petrov,D,11/1/24,4,Travel,,,,,,59.5,0.5,5.6,3,4,3,3,15,,
H. Brennan,D,11/1/24,4,Travel,,,,,,42.8,0.65,6.3,4,2,5,3,14,,
Z. Karjalainen,D,11/1/24,4,Travel,,,,,,48.5,0.14,7.5,4,4,3,3,14,,
W. Deschamps,D,11/1/24,4,Travel,,,,,,58.8,0.1,6.8,3,2,3,6,16,,
G. Tuominen,D,11/1/24,4,Travel,,,,,,56.7,1.09,6.8,4,3,3,5,15,,
Y. Saarinen,G,11/1/24,4,Travel,,,,,,71.7,-0.08,8,3,3,4,4,16,,
I. Kovacs,G,11/1/24,4,Travel,,,,,,71.3,0,7.2,2,3,3,3,15,,
E. Nystrom,G,11/1/24,4,Travel,,,,,,65.4,0.01,7.9,3,4,3,3,15,,
J. Kowalski,C,11/2/24,4,Game,5390,804,8.6,56,481.6,56.7,-0.54,7.1,3,4,2,3,14,W,2-Apr
M. Eriksson,C,11/2/24,4,Game,4696,800,7.1,63,447.3,41.6,-2.24,6.8,3,4,2,5,16,W,4-May
T. Gallagher,C,11/2/24,4,Game,5430,1370,7.2,68,489.6,62.5,-1.18,6.5,3,3,2,5,15,L,5-Feb
B. Novak,C,11/2/24,4,Game,5189,711,7.1,68,482.8,43,-3,6.6,4,4,4,4,16,W,1-Mar
A. Berglund,LW,11/2/24,4,Game,4148,664,7.8,55,429,39.8,-2.1,8.1,3,3,3,2,13,L,3-Apr
P. Leclerc,LW,11/2/24,4,Game,6335,445,7.7,56,431.2,56.2,1.16,7.1,3,5,3,6,19,W,2-Feb
D. Hartmann,LW,11/2/24,4,Game,6287,695,7.6,59,448.4,41.4,-0.78,5.6,3,5,4,4,18,W,2-Mar
R. Okafor,LW,11/2/24,4,Game,4731,479,9.3,56,520.8,35.4,-3,6.9,3,4,4,3,16,W,1-Feb
S. Virtanen,RW,11/2/24,4,Game,4087,567,8.5,55,467.5,48.6,-1.28,8.1,3,4,3,3,15,OT,3-Apr
C. Marchetti,RW,11/2/24,4,Game,5393,783,9.1,54,491.4,37.5,-0.8,6.3,3,3,3,4,15,W,1-Apr
N. Johansson,RW,11/2/24,4,Game,4424,1416,7.2,53,381.6,48.7,-0.05,7.3,3,3,3,3,14,W,1-Feb
F. Dubois,RW,11/2/24,4,Game,5029,909,7.2,65,468,51.2,-0.18,6.5,4,3,3,3,13,L,3-Mar
L. Svensson,RW,11/2/24,4,Game,5862,690,7.4,66,488.4,55.6,-1.2,7.3,3,3,4,2,14,L,5-Feb
K. Magnusson,D,11/2/24,4,Game,5300,1046,7.3,67,489.1,46,0.74,8,3,3,2,4,14,W,2-Apr
O. Lindqvist,D,11/2/24,4,Game,4115,713,7.8,59,460.2,49.3,-2.09,7.3,5,4,3,2,12,L,3-Feb
V. Petrov,D,11/2/24,4,Game,3524,543,8.9,67,596.3,45.8,-1.92,8.2,3,5,1,4,15,L,4-Feb
H. Brennan,D,11/2/24,4,Game,4609,698,8.3,61,506.3,30,-2.54,6.7,4,4,3,4,15,L,3-May
Z. Karjalainen,D,11/2/24,4,Game,3677,658,5.9,59,348.1,46.6,-0.25,6.9,2,3,3,4,16,L,3-Apr
W. Deschamps,D,11/2/24,4,Game,5426,311,7.1,64,454.4,56.5,-0.3,6.6,3,3,3,3,14,L,5-Mar
G. Tuominen,D,11/2/24,4,Game,4141,927,7.5,61,457.5,54.1,0.58,6.6,4,4,3,3,14,W,4-Mar
Y. Saarinen,G,11/2/24,4,Game,1446,393,6.9,58,400.2,63.9,-1.16,7.9,4,1,3,2,10,OT,3-Apr
I. Kovacs,G,11/2/24,4,Game,1349,87,6.3,65,409.5,62.2,-1.27,8.4,3,3,2,2,12,L,3-Mar
J. Kowalski,C,11/3/24,4,Off,,,,,,56.5,-0.58,7.1,3,3,4,3,15,,
M. Eriksson,C,11/3/24,4,Off,,,,,,62.2,1.6,8.3,4,1,5,4,14,,
T. Gallagher,C,11/3/24,4,Off,,,,,,77,0.88,8.1,5,4,2,3,12,,
B. Novak,C,11/3/24,4,Off,,,,,,52.5,-1.63,6.5,4,5,4,5,18,,
A. Berglund,LW,11/3/24,4,Off,,,,,,49.1,-0.26,6.7,3,4,4,3,16,,
P. Leclerc,LW,11/3/24,4,Off,,,,,,56.5,1.22,6.7,4,4,3,5,16,,
D. Hartmann,LW,11/3/24,4,Off,,,,,,42,-0.64,7.5,3,4,3,4,16,,
R. Okafor,LW,11/3/24,4,Off,,,,,,59.3,0.2,7.1,4,3,3,2,12,,
S. Virtanen,RW,11/3/24,4,Off,,,,,,53.6,-0.37,7.3,3,3,5,4,17,,
C. Marchetti,RW,11/3/24,4,Off,,,,,,39.8,-0.24,6.6,3,3,3,2,13,,
N. Johansson,RW,11/3/24,4,Off,,,,,,47.1,-0.38,6.9,4,5,3,3,15,,
F. Dubois,RW,11/3/24,4,Off,,,,,,50.1,-0.39,6.5,2,4,2,5,17,,
L. Svensson,RW,11/3/24,4,Off,,,,,,63.1,-0.01,6.9,3,5,3,3,16,,
K. Magnusson,D,11/3/24,4,Off,,,,,,44,0.28,7.6,4,5,1,4,14,,
O. Lindqvist,D,11/3/24,4,Off,,,,,,57.1,-0.85,6.6,3,4,4,5,18,,
V. Petrov,D,11/3/24,4,Off,,,,,,60.4,0.65,7.2,3,4,4,3,16,,
H. Brennan,D,11/3/24,4,Off,,,,,,37.5,-0.68,6.8,2,3,2,4,15,,
Z. Karjalainen,D,11/3/24,4,Off,,,,,,49.4,0.34,6.7,3,4,3,2,14,,
W. Deschamps,D,11/3/24,4,Off,,,,,,58,-0.04,6.7,2,3,5,2,16,,
G. Tuominen,D,11/3/24,4,Off,,,,,,45.6,-1.09,6.5,3,3,3,3,14,,
Y. Saarinen,G,11/3/24,4,Off,,,,,,74.1,0.25,6.3,4,3,1,4,12,,
I. Kovacs,G,11/3/24,4,Off,,,,,,68.8,-0.35,7.8,4,3,4,3,14,,
E. Nystrom,G,11/3/24,4,Off,,,,,,70.8,0.84,7.3,3,3,1,4,13,,
J. Kowalski,C,11/4/24,5,Practice,4547,138,4.3,68,292.4,59.4,-0.1,7.9,2,4,4,4,18,,
M. Eriksson,C,11/4/24,5,Practice,4953,411,4.5,75,337.5,61,1.37,7.7,1,4,3,4,18,,
T. Gallagher,C,11/4/24,5,Practice,4844,514,5.2,78,405.6,77.9,1,7,3,2,3,4,14,,
B. Novak,C,11/4/24,5,Practice,4635,392,4.3,77,331.1,69.3,1.06,7.3,3,3,3,3,14,,
A. Berglund,LW,11/4/24,5,Practice,4249,359,4.7,80,376,47.3,-0.61,6.4,4,4,1,4,13,,
P. Leclerc,LW,11/4/24,5,Practice,4259,526,5.6,64,358.4,47.3,-0.6,7.8,2,4,2,2,14,,
D. Hartmann,LW,11/4/24,5,Practice,4370,383,4.7,70,329,50.2,1.19,7.4,4,5,3,3,15,,
R. Okafor,LW,11/4/24,5,Practice,5194,241,5.7,74,421.8,55.2,-0.5,6.9,3,4,2,3,14,,
S. Virtanen,RW,11/4/24,5,Practice,4322,492,5.1,71,362.1,56.3,0.11,6.9,2,2,3,3,14,,
C. Marchetti,RW,11/4/24,5,Practice,3857,294,4.3,84,361.2,40.2,-0.14,7.1,4,3,3,3,13,,
N. Johansson,RW,11/4/24,5,Practice,4731,420,5.7,73,416.1,53.3,0.88,6.4,3,4,3,4,16,,
F. Dubois,RW,11/4/24,5,Practice,3805,375,6,60,360,52.4,0.07,6.4,3,4,3,3,15,,
L. Svensson,RW,11/4/24,5,Practice,4485,409,5.3,81,429.3,64,0.12,7.9,4,5,4,2,15,,
K. Magnusson,D,11/4/24,5,Practice,3354,435,4,76,304,41.8,-0.24,6.4,2,2,3,3,14,,
O. Lindqvist,D,11/4/24,5,Practice,4268,203,6.6,82,541.2,66.6,0.68,6.5,4,3,3,2,12,,
V. Petrov,D,11/4/24,5,Practice,3210,413,5,72,360,62.1,0.95,6.7,2,6,5,4,21,,
H. Brennan,D,11/4/24,5,Practice,4135,352,5.3,80,424,40.7,0.12,7.9,4,4,4,3,15,,
Z. Karjalainen,D,11/4/24,5,Practice,2494,299,6.1,71,433.1,54.5,1.41,7.8,4,2,3,3,12,,
W. Deschamps,D,11/4/24,5,Practice,3867,294,6.2,60,372,58,-0.03,8.1,2,3,3,5,17,,
G. Tuominen,D,11/4/24,5,Practice,3901,313,5.8,85,493,55.2,0.79,7.8,4,5,4,3,16,,
Y. Saarinen,G,11/4/24,5,Practice,1429,30,5.2,73,379.6,52.5,-2.75,9.5,4,3,3,4,14,,
I. Kovacs,G,11/4/24,5,Practice,1652,63,5.3,75,397.5,73.9,0.36,7.5,3,5,3,4,17,,
E. Nystrom,G,11/4/24,5,Practice,1569,97,5.3,82,434.6,63.8,-0.23,6.8,4,3,4,1,12,,
J. Kowalski,C,11/5/24,5,Practice,4276,308,4.9,69,338.1,64.9,0.83,8.4,3,4,4,5,18,,
M. Eriksson,C,11/5/24,5,Practice,4100,313,6.1,78,475.8,51.3,-0.44,7.7,2,6,3,3,18,,
T. Gallagher,C,11/5/24,5,Practice,4403,292,4.9,64,313.6,74.4,0.51,8.1,4,5,1,2,12,,
B. Novak,C,11/5/24,5,Practice,3983,378,5,75,375,51.2,-1.83,6.7,3,3,2,3,13,,
A. Berglund,LW,11/5/24,5,Practice,4166,267,4.6,64,294.4,56.7,1.26,7.7,3,3,3,4,15,,
P. Leclerc,LW,11/5/24,5,Practice,4833,420,6.2,74,458.8,49.7,-0.13,7.7,4,4,4,2,14,,
D. Hartmann,LW,11/5/24,5,Practice,4232,299,8.4,77,646.8,43.7,-0.27,7.4,3,3,3,5,16,,
R. Okafor,LW,11/5/24,5,Practice,4642,266,5.9,84,495.6,66.1,1.36,7.5,4,3,3,5,15,,
S. Virtanen,RW,11/5/24,5,Practice,3607,393,5.2,78,405.6,46.5,-1.65,8.4,3,2,3,3,13,,
C. Marchetti,RW,11/5/24,5,Practice,3306,381,6.3,78,491.4,39.8,-0.23,6.3,2,3,3,4,16,,
N. Johansson,RW,11/5/24,5,Practice,4541,372,4.2,76,319.2,49,0,6.9,3,3,3,3,14,,
F. Dubois,RW,11/5/24,5,Practice,3962,300,4.4,76,334.4,61.7,1.85,7.2,4,3,1,4,12,,
L. Svensson,RW,11/5/24,5,Practice,4317,314,5.4,70,378,64.1,0.14,7.9,3,3,2,3,13,,
K. Magnusson,D,11/5/24,5,Practice,3279,329,5.9,72,424.8,46,0.75,6.2,2,3,4,4,17,,
O. Lindqvist,D,11/5/24,5,Practice,3706,263,4.9,76,372.4,60,-0.37,8,4,2,3,3,12,,
V. Petrov,D,11/5/24,5,Practice,3250,536,5.9,87,513.3,56.5,-0.05,7.9,4,3,2,7,16,,
H. Brennan,D,11/5/24,5,Practice,3656,378,5.2,74,384.8,35.6,-1.14,7.3,3,5,4,4,18,,
Z. Karjalainen,D,11/5/24,5,Practice,3314,333,5.7,71,404.7,48.9,0.23,5.6,2,3,4,3,16,,
W. Deschamps,D,11/5/24,5,Practice,4249,444,6.5,73,474.5,58.7,0.08,7.1,4,4,4,5,17,,
G. Tuominen,D,11/5/24,5,Practice,3869,475,5.1,82,418.2,50.5,-0.13,6.9,2,3,5,3,17,,
Y. Saarinen,G,11/5/24,5,Practice,1948,57,6.6,53,349.8,69.3,-0.41,7.7,3,4,4,2,15,,
I. Kovacs,G,11/5/24,5,Practice,1723,30,4,80,320,71.7,0.05,7.9,4,3,4,4,15,,
E. Nystrom,G,11/5/24,5,Practice,1672,193,5.6,63,352.8,76.2,1.66,7.3,4,5,4,4,17,,
J. Kowalski,C,11/6/24,5,Game,4333,955,6.6,62,409.2,68.7,1.45,8.2,3,4,3,4,16,W,3-Apr
M. Eriksson,C,11/6/24,5,Game,4868,839,7.1,63,447.3,57.6,0.75,6.9,3,4,3,4,16,L,4-Apr
T. Gallagher,C,11/6/24,5,Game,5173,751,6.7,64,428.8,79.6,1.25,7.4,4,2,6,3,15,L,3-Feb
B. Novak,C,11/6/24,5,Game,5891,606,7.4,59,436.6,60.4,-0.36,8.2,4,4,4,6,18,W,4-May
A. Berglund,LW,11/6/24,5,Game,5174,1125,8,58,464,35.5,-2.96,6.7,3,4,2,1,12,L,2-Mar
P. Leclerc,LW,11/6/24,5,Game,6125,1037,7.7,60,462,42.1,-1.64,5.8,3,5,4,4,18,L,3-May
D. Hartmann,LW,11/6/24,5,Game,4950,539,9.5,64,608,39.4,-1.22,7.4,4,5,2,2,13,L,2-Apr
R. Okafor,LW,11/6/24,5,Game,6460,744,7.7,58,446.6,52.4,-0.99,6.2,2,3,2,6,17,OT,4-May
S. Virtanen,RW,11/6/24,5,Game,4717,655,6.7,58,388.6,53.2,-0.45,8.3,4,5,1,3,13,L,3-Mar
C. Marchetti,RW,11/6/24,5,Game,6013,807,7.1,57,404.7,39.6,-0.29,6.3,4,4,1,5,14,L,5-Apr
N. Johansson,RW,11/6/24,5,Game,5541,1126,7.5,70,525,46.5,-0.51,7.9,2,4,2,3,15,W,3-May
F. Dubois,RW,11/6/24,5,Game,4317,565,8.4,64,537.6,50,-0.39,7.8,4,2,1,2,9,L,4-May
L. Svensson,RW,11/6/24,5,Practice,5086,258,5.5,73,401.5,63.7,0.08,8.1,4,4,1,4,13,,
K. Magnusson,D,11/6/24,5,Practice,3889,477,4.6,72,331.2,41.3,-0.35,8.7,4,4,3,4,15,,
O. Lindqvist,D,11/6/24,5,Practice,3655,313,6.1,72,439.2,56.6,-0.92,6,4,4,4,5,17,,
V. Petrov,D,11/6/24,5,Practice,3146,316,5.1,68,346.8,48,-1.54,7.1,2,4,2,5,17,,
H. Brennan,D,11/6/24,5,Practice,4175,238,6.8,85,578,35.8,-1.09,6,3,5,2,3,15,,
Z. Karjalainen,D,11/6/24,5,Practice,3688,299,5.5,70,385,52.9,1.06,8.1,3,2,3,5,15,,
W. Deschamps,D,11/6/24,5,Practice,4478,410,5.8,74,429.2,51.7,-1.13,8,4,2,4,5,15,,
G. Tuominen,D,11/6/24,5,Practice,3371,377,4.9,69,338.1,46.7,-0.86,7.4,3,4,5,4,18,,
Y. Saarinen,G,11/6/24,5,Practice,1179,151,4.9,74,362.6,62.7,-1.33,5.7,3,4,3,5,17,,
I. Kovacs,G,11/6/24,5,Practice,1358,30,5.2,81,421.2,75.7,0.62,6.7,4,5,3,2,14,,
E. Nystrom,G,11/6/24,5,Practice,637,106,5.8,85,493,60.2,-0.78,7.1,2,3,3,4,16,,
J. Kowalski,C,11/7/24,5,Practice,4463,370,5.1,74,377.4,58.9,-0.17,7.2,3,3,3,6,17,,
M. Eriksson,C,11/7/24,5,Practice,4022,328,5.2,71,369.2,62.5,1.65,7.9,2,1,2,3,12,,
T. Gallagher,C,11/7/24,5,Practice,5103,211,4.8,73,350.4,73.3,0.36,6.9,2,4,4,4,18,,
B. Novak,C,11/7/24,5,Practice,4057,478,5.7,74,421.8,65,0.36,9.2,3,3,2,3,13,,
A. Berglund,LW,11/7/24,5,Practice,4259,463,5.1,75,382.5,48.5,-0.38,8.7,4,4,4,4,16,,
P. Leclerc,LW,11/7/24,5,Practice,4291,441,4.1,68,278.8,35.9,-2.87,7.1,1,3,3,5,18,,
D. Hartmann,LW,11/7/24,5,Practice,3870,467,5.4,74,399.6,42.9,-0.45,7.4,3,5,3,1,14,,
R. Okafor,LW,11/7/24,5,Practice,3854,294,4.7,69,324.3,50.4,-1.33,7.7,5,2,3,1,9,,
S. Virtanen,RW,11/7/24,5,Practice,4256,451,5.5,80,440,50.8,-0.88,6.3,3,3,4,2,14,,
C. Marchetti,RW,11/7/24,5,Practice,4426,379,4.5,82,369,41,0.07,7.4,3,4,3,3,15,,
N. Johansson,RW,11/7/24,5,Practice,3957,461,4.8,79,379.2,53.2,0.86,6.9,4,4,3,4,15,,
F. Dubois,RW,11/7/24,5,Practice,4793,448,5.8,66,382.8,59.7,1.47,7.7,2,3,3,5,17,,
L. Svensson,RW,11/7/24,5,Practice,4133,156,7,66,462,63.8,0.1,8,5,4,4,4,15,,
K. Magnusson,D,11/7/24,5,Practice,3568,455,6.4,81,518.4,44.1,0.31,6.4,5,3,3,3,12,,
O. Lindqvist,D,11/7/24,5,Practice,3388,341,6,75,450,67,0.74,8.5,4,4,3,2,13,,
V. Petrov,D,11/7/24,5,Practice,3917,319,5.8,85,493,56,-0.13,6.8,3,3,5,4,17,,
H. Brennan,D,11/7/24,5,Practice,4349,190,5.9,64,377.6,43.3,0.76,7.6,4,3,4,4,15,,
Z. Karjalainen,D,11/7/24,5,Practice,3423,317,6.4,77,492.8,58,2.12,7.5,3,4,4,3,16,,
W. Deschamps,D,11/7/24,5,Practice,4035,394,5.6,77,431.2,65.9,1.31,7.4,3,3,4,3,15,,
G. Tuominen,D,11/7/24,5,Practice,4038,471,4.9,87,426.3,55.1,0.78,7.1,4,3,3,2,12,,
Y. Saarinen,G,11/7/24,5,Practice,1112,30,5.7,85,484.5,80.5,1.13,8,3,2,1,3,11,,
I. Kovacs,G,11/7/24,5,Practice,1140,140,4.5,74,333,75,0.52,7.1,4,4,3,5,16,,
E. Nystrom,G,11/7/24,5,Practice,1298,69,5.3,74,392.2,52.6,-1.95,7,2,3,1,3,13,,
J. Kowalski,C,11/8/24,5,Travel,,,,,,64.8,0.8,7.3,2,4,5,4,19,,
M. Eriksson,C,11/8/24,5,Travel,,,,,,58.7,0.95,8.2,3,4,4,4,17,,
T. Gallagher,C,11/8/24,5,Travel,,,,,,74.5,0.52,7.7,5,2,4,5,14,,
B. Novak,C,11/8/24,5,Travel,,,,,,73.9,1.8,6.6,2,3,1,5,15,,
A. Berglund,LW,11/8/24,5,Travel,,,,,,52.5,0.43,7.5,3,4,3,5,17,,
P. Leclerc,LW,11/8/24,5,Travel,,,,,,46,-0.86,7.3,4,3,3,4,14,,
D. Hartmann,LW,11/8/24,5,Travel,,,,,,44.6,-0.05,9.1,3,4,3,2,14,,
R. Okafor,LW,11/8/24,5,Travel,,,,,,70.1,2.06,9.6,3,3,4,3,15,,
S. Virtanen,RW,11/8/24,5,Travel,,,,,,63.2,1.36,6.2,3,4,4,2,15,,
C. Marchetti,RW,11/8/24,5,Travel,,,,,,47.3,1.61,7,2,4,2,4,16,,
N. Johansson,RW,11/8/24,5,Travel,,,,,,52.3,0.67,7.3,2,4,4,3,17,,
F. Dubois,RW,11/8/24,5,Travel,,,,,,65.4,2.56,7.1,4,4,3,4,15,,
L. Svensson,RW,11/8/24,5,Travel,,,,,,62.5,-0.11,7.1,2,5,5,5,21,,
K. Magnusson,D,11/8/24,5,Travel,,,,,,41.6,-0.28,7.9,3,3,4,4,16,,
O. Lindqvist,D,11/8/24,5,Travel,,,,,,72,1.54,7.8,5,5,4,3,15,,
V. Petrov,D,11/8/24,5,Travel,,,,,,69.9,2.33,7.7,4,3,4,4,15,,
H. Brennan,D,11/8/24,5,Travel,,,,,,43.3,0.77,6.5,1,3,3,3,16,,
Z. Karjalainen,D,11/8/24,5,Travel,,,,,,38.9,-1.86,6.4,3,4,4,4,17,,
W. Deschamps,D,11/8/24,5,Travel,,,,,,65.6,1.27,6.7,4,4,3,3,14,,
G. Tuominen,D,11/8/24,5,Travel,,,,,,41.6,-1.87,7.3,4,4,3,4,15,,
Y. Saarinen,G,11/8/24,5,Travel,,,,,,82.9,1.47,7.8,3,4,1,3,13,,
I. Kovacs,G,11/8/24,5,Travel,,,,,,77,0.79,7.3,4,3,2,4,13,,
E. Nystrom,G,11/8/24,5,Travel,,,,,,73.6,1.27,7.4,5,3,3,3,12,,
J. Kowalski,C,11/9/24,5,Game,5304,628,7.1,61,433.1,62.1,0.35,6.8,3,3,5,3,16,W,4-May
M. Eriksson,C,11/9/24,5,Game,5642,810,8.2,52,426.4,45.3,-1.55,6.8,2,5,2,4,17,OT,1-Feb
T. Gallagher,C,11/9/24,5,Game,5517,867,8.8,61,536.8,61.4,-1.33,8.1,3,3,2,4,14,W,2-Apr
B. Novak,C,11/9/24,5,Game,6574,806,6.4,61,390.4,61.5,-0.18,7.2,3,2,4,5,16,W,3-Apr
A. Berglund,LW,11/9/24,5,Game,4462,564,6.3,61,384.3,44.6,-1.14,6.5,3,2,4,2,13,OT,2-Mar
P. Leclerc,LW,11/9/24,5,Game,4912,888,7.1,58,411.8,48.5,-0.36,7.6,4,3,3,2,12,L,3-Apr
D. Hartmann,LW,11/9/24,5,Game,5189,768,7.2,54,388.8,44.3,-0.13,7.5,4,3,3,5,15,L,5-Apr
R. Okafor,LW,11/9/24,5,Game,5163,1062,8.3,61,506.3,51.3,-1.18,6.8,2,3,4,3,16,W,4-Mar
S. Virtanen,RW,11/9/24,5,Game,3988,997,6.9,62,427.8,52,-0.66,7.4,4,6,4,3,17,W,4-Mar
C. Marchetti,RW,11/9/24,5,Game,4712,689,7.1,58,411.8,40.6,-0.05,8,3,3,3,4,15,W,2-May
N. Johansson,RW,11/9/24,5,Game,5731,982,6.6,59,389.4,45.4,-0.74,7.2,3,3,3,4,15,L,3-Apr
F. Dubois,RW,11/9/24,5,Game,5539,906,7.8,60,468,52.9,0.16,7.1,3,4,3,3,15,W,1-Feb
L. Svensson,RW,11/9/24,5,Game,5577,770,6.1,60,366,64.3,0.18,6.2,4,2,5,3,14,L,5-Apr
K. Magnusson,D,11/9/24,5,Game,3801,867,7.2,61,439.2,35.5,-1.7,8.5,3,2,4,2,13,OT,4-May
O. Lindqvist,D,11/9/24,5,Game,5552,598,7.6,65,494,65.4,0.48,7.3,3,3,4,4,16,L,2-Feb
V. Petrov,D,11/9/24,5,Game,4710,768,9.1,55,500.5,52.8,-0.7,8.7,4,4,3,3,14,L,4-Feb
H. Brennan,D,11/9/24,5,Game,4253,835,5.5,63,346.5,37.1,-0.78,6.3,5,3,3,2,11,L,3-Mar
Z. Karjalainen,D,11/9/24,5,Game,5259,741,8.5,63,535.5,42.2,-1.17,5.8,4,4,4,3,15,L,5-Apr
W. Deschamps,D,11/9/24,5,Game,5904,458,9,63,567,62.3,0.71,7.9,4,4,3,3,14,W,4-Feb
G. Tuominen,D,11/9/24,5,Game,4530,734,7.8,61,475.8,48.2,-0.58,7,3,4,2,3,14,L,4-May
Y. Saarinen,G,11/9/24,5,Game,2071,435,7.9,65,513.5,81.7,1.3,8,4,3,3,4,14,W,3-May
J. Kowalski,C,11/10/24,5,Off,,,,,,63.2,0.53,6.9,4,5,3,2,14,,
M. Eriksson,C,11/10/24,5,Off,,,,,,50.9,-0.51,6.8,4,4,2,2,12,,
T. Gallagher,C,11/10/24,5,Off,,,,,,80.5,1.37,7.3,4,4,3,3,14,,
B. Novak,C,11/10/24,5,Off,,,,,,57.3,-0.86,7.3,2,3,4,5,18,,
A. Berglund,LW,11/10/24,5,Off,,,,,,54.9,0.91,6.1,4,2,5,3,14,,
P. Leclerc,LW,11/10/24,5,Off,,,,,,64.3,2.77,8.1,2,5,4,3,18,,
D. Hartmann,LW,11/10/24,5,Off,,,,,,43.5,-0.3,7.5,3,2,5,2,14,,
R. Okafor,LW,11/10/24,5,Off,,,,,,63.5,0.92,6.8,4,3,4,5,16,,
S. Virtanen,RW,11/10/24,5,Off,,,,,,61.9,1.12,7.4,3,3,3,5,16,,
C. Marchetti,RW,11/10/24,5,Off,,,,,,42.2,0.35,7.7,2,5,1,3,15,,
N. Johansson,RW,11/10/24,5,Off,,,,,,48.1,-0.18,7.1,4,4,1,2,11,,
F. Dubois,RW,11/10/24,5,Off,,,,,,63.5,2.18,7.2,5,4,2,3,12,,
L. Svensson,RW,11/10/24,5,Off,,,,,,60,-0.52,7.2,3,3,1,3,12,,
K. Magnusson,D,11/10/24,5,Off,,,,,,51,1.93,7.2,3,4,4,3,16,,
O. Lindqvist,D,11/10/24,5,Off,,,,,,73.4,1.76,8.5,3,4,4,3,16,,
V. Petrov,D,11/10/24,5,Off,,,,,,62.2,0.96,6.6,4,3,3,5,15,,
H. Brennan,D,11/10/24,5,Off,,,,,,39.8,-0.1,7.7,4,3,2,4,13,,
Z. Karjalainen,D,11/10/24,5,Off,,,,,,58.9,2.31,6.5,2,2,4,5,17,,
W. Deschamps,D,11/10/24,5,Off,,,,,,50.6,-1.31,8,3,3,2,5,15,,
G. Tuominen,D,11/10/24,5,Off,,,,,,52.7,0.31,7.6,4,4,4,2,14,,
Y. Saarinen,G,11/10/24,5,Off,,,,,,76.4,0.57,6.5,2,1,4,4,15,,
I. Kovacs,G,11/10/24,5,Off,,,,,,67.6,-0.53,7.5,3,3,3,3,14,,
E. Nystrom,G,11/10/24,5,Off,,,,,,65.8,0.07,6.4,3,3,4,3,15,,
J. Kowalski,C,11/11/24,6,Practice,4041,483,4.8,73,350.4,53.2,-1.14,6.4,3,2,4,3,14,,
M. Eriksson,C,11/11/24,6,Practice,4011,535,8,72,576,55.2,0.3,7.1,3,2,4,3,14,,
T. Gallagher,C,11/11/24,6,Practice,4822,351,6.6,76,501.6,74.3,0.49,7.3,4,3,4,2,13,,
B. Novak,C,11/11/24,6,Practice,4696,244,6.6,74,488.4,76.2,2.15,6.9,4,4,2,6,16,,
A. Berglund,LW,11/11/24,6,Practice,4684,243,7.3,65,474.5,51.7,0.27,8.4,4,2,4,5,15,,
P. Leclerc,LW,11/11/24,6,Practice,4866,250,4.8,77,369.6,54,0.72,7.6,4,3,3,5,15,,
D. Hartmann,LW,11/11/24,6,Practice,4676,279,5.9,67,395.3,43.2,-0.37,8.4,4,1,2,2,9,,
R. Okafor,LW,11/11/24,6,Practice,4715,364,4.9,83,406.7,56.6,-0.27,7.7,3,5,2,3,15,,
S. Virtanen,RW,11/11/24,6,Practice,3456,317,5.3,67,355.1,63.2,1.36,7.5,4,2,2,5,13,,
C. Marchetti,RW,11/11/24,6,Practice,3588,237,6.4,71,454.4,47,1.54,7.6,5,3,4,4,14,,
N. Johansson,RW,11/11/24,6,Practice,4094,432,5.9,69,407.1,59.8,2.2,8.4,5,3,4,5,15,,
F. Dubois,RW,11/11/24,6,Practice,4117,519,4.5,64,288,55.4,0.63,7.7,3,4,5,4,18,,
L. Svensson,RW,11/11/24,6,Practice,4151,389,5.1,66,336.6,70,1.07,9.4,4,5,3,5,17,,
K. Magnusson,D,11/11/24,6,Practice,4151,285,4.9,75,367.5,45.7,0.68,7.8,3,4,5,4,18,,
O. Lindqvist,D,11/11/24,6,Practice,4266,305,4.9,68,333.2,74.7,1.97,7.4,3,5,3,4,17,,
V. Petrov,D,11/11/24,6,Practice,3424,446,6,84,504,60.2,0.62,8,2,3,2,4,15,,
H. Brennan,D,11/11/24,6,Practice,2997,440,4.9,67,328.3,45,1.19,7.6,5,3,5,3,14,,
Z. Karjalainen,D,11/11/24,6,Practice,4105,367,4.5,67,301.5,38,-2.05,8.5,3,2,4,3,14,,
W. Deschamps,D,11/11/24,6,Practice,4502,340,5.3,77,408.1,66.8,1.47,7.7,3,4,3,3,15,,
G. Tuominen,D,11/11/24,6,Practice,3954,403,6.2,69,427.8,54,0.57,7.1,4,2,4,2,12,,
Y. Saarinen,G,11/11/24,6,Practice,1008,189,5.3,71,376.3,69.8,-0.35,7.1,4,2,3,7,16,,
I. Kovacs,G,11/11/24,6,Practice,2083,30,5.9,78,460.2,90.8,2.73,7.3,4,4,2,3,13,,
E. Nystrom,G,11/11/24,6,Practice,1433,298,4.6,82,377.2,64,-0.2,7.2,3,2,2,2,11,,
J. Kowalski,C,11/12/24,6,Practice,4925,493,5.9,75,442.5,65.4,0.91,8.3,2,6,3,4,19,,
M. Eriksson,C,11/12/24,6,Practice,4759,387,5.5,63,346.5,58.3,0.87,8.7,3,2,4,5,16,,
T. Gallagher,C,11/12/24,6,Practice,4805,467,8.5,74,629,81.1,1.45,6.6,4,4,5,5,18,,
B. Novak,C,11/12/24,6,Practice,3478,508,6,75,450,60.7,-0.31,6.2,3,3,6,3,17,,
A. Berglund,LW,11/12/24,6,Practice,3817,338,5.5,67,368.5,52.4,0.4,9.2,4,4,4,4,16,,
P. Leclerc,LW,11/12/24,6,Practice,4112,401,6.4,81,518.4,50.9,0.12,7.8,3,3,4,3,15,,
D. Hartmann,LW,11/12/24,6,Practice,3698,351,5.2,68,353.6,48.2,0.75,7.9,3,3,3,5,16,,
R. Okafor,LW,11/12/24,6,Practice,4293,426,6.9,80,552,68.9,1.86,8.6,4,4,2,2,12,,
S. Virtanen,RW,11/12/24,6,Practice,4140,349,6.1,60,366,50.7,-0.89,8.9,2,3,4,4,17,,
C. Marchetti,RW,11/12/24,6,Practice,4398,418,7.5,76,570,41,0.06,7.1,4,3,4,5,16,,
N. Johansson,RW,11/12/24,6,Practice,4734,394,5.8,68,394.4,62.6,2.77,8.5,4,3,2,3,12,,
F. Dubois,RW,11/12/24,6,Practice,3484,300,4.9,72,352.8,54.4,0.45,7.3,2,3,2,4,15,,
L. Svensson,RW,11/12/24,6,Practice,4843,452,5.3,70,371,76.1,2.04,7.6,2,3,2,3,14,,
K. Magnusson,D,11/12/24,6,Practice,3710,165,5.2,72,374.4,46.8,0.95,7.8,3,4,3,3,15,,
O. Lindqvist,D,11/12/24,6,Practice,4114,416,6.5,77,500.5,70.3,1.27,7.6,5,4,2,4,13,,
V. Petrov,D,11/12/24,6,Practice,4076,242,5.7,72,410.4,58.1,0.24,8.6,3,2,3,3,13,,
H. Brennan,D,11/12/24,6,Practice,3888,238,4.5,88,396,44.9,1.18,8.2,4,3,4,1,12,,
Z. Karjalainen,D,11/12/24,6,Practice,4005,371,4.6,75,345,55.7,1.66,8.4,3,2,3,3,13,,
W. Deschamps,D,11/12/24,6,Practice,4641,363,5.8,65,377,71.4,2.26,8.5,3,5,3,3,16,,
G. Tuominen,D,11/12/24,6,Practice,5162,498,6,67,402,59.6,1.65,7.9,3,3,2,4,14,,
Y. Saarinen,G,11/12/24,6,Practice,1605,150,5.4,71,383.4,68.2,-0.57,8,4,4,3,4,15,,
I. Kovacs,G,11/12/24,6,Practice,1950,30,4,81,324,73.1,0.25,7,4,4,5,3,16,,
E. Nystrom,G,11/12/24,6,Practice,1792,30,6.1,77,469.7,65.3,0,7.1,4,3,3,4,14,,
J. Kowalski,C,11/13/24,6,Game,4806,1221,7.7,61,469.7,63,0.51,8.2,4,5,4,3,16,L,2-May
M. Eriksson,C,11/13/24,6,Game,4995,496,7.9,62,489.8,53,-0.11,9.8,3,3,2,5,15,L,3-May
T. Gallagher,C,11/13/24,6,Game,5071,970,9.2,64,588.8,82,1.58,8.7,4,4,2,4,14,W,2-Mar
B. Novak,C,11/13/24,6,Game,5343,1236,8.1,65,526.5,69,1.01,8.1,2,5,5,3,19,L,2-Apr
A. Berglund,LW,11/13/24,6,Game,5109,525,7.1,68,482.8,43.5,-1.36,9.4,3,3,3,2,13,L,4-Feb
P. Leclerc,LW,11/13/24,6,Game,4887,689,8.8,57,501.6,48,-0.46,7.1,3,4,5,3,17,W,2-Apr
D. Hartmann,LW,11/13/24,6,Game,6478,1495,9.1,61,555.1,43.2,-0.38,7,4,3,2,3,12,L,4-Mar
R. Okafor,LW,11/13/24,6,Game,5323,925,8.3,67,556.1,57,-0.2,9.1,4,4,4,4,16,W,4-Apr
S. Virtanen,RW,11/13/24,6,Game,5180,752,6.7,59,395.3,51.2,-0.81,6.8,2,3,5,4,18,W,2-May
C. Marchetti,RW,11/13/24,6,Game,5636,794,8.8,59,519.2,27.8,-3,7.2,2,5,3,1,15,W,4-Mar
N. Johansson,RW,11/13/24,6,Game,6388,949,7.3,60,438,56.9,1.62,7.4,3,1,2,4,12,L,5-Mar
F. Dubois,RW,11/13/24,6,Game,5780,867,8.5,65,552.5,56.4,0.83,7.5,5,3,3,4,13,L,5-May
L. Svensson,RW,11/13/24,6,Game,6357,864,9.8,61,597.8,61.2,-0.32,7.8,5,3,1,4,11,L,5-Mar
K. Magnusson,D,11/13/24,6,Game,5611,1027,8.6,59,507.4,35.8,-1.64,9.1,3,3,3,4,15,L,4-May
O. Lindqvist,D,11/13/24,6,Game,4339,465,6.8,58,394.4,51.7,-1.72,8,2,4,2,2,14,W,2-Apr
V. Petrov,D,11/13/24,6,Game,4480,705,5.6,65,364,45.3,-2.01,8.7,3,3,5,3,16,L,3-Mar
H. Brennan,D,11/13/24,6,Game,5019,954,7.8,61,475.8,38.4,-0.45,8.4,4,4,3,1,12,W,4-Mar
Z. Karjalainen,D,11/13/24,6,Game,4587,795,8.3,65,539.5,52.1,0.9,7.3,3,3,3,4,15,L,3-Apr
W. Deschamps,D,11/13/24,6,Practice,4217,258,6.9,63,434.7,73.1,2.55,8,3,3,3,2,13,,
G. Tuominen,D,11/13/24,6,Practice,3014,288,5.5,76,418,57.2,1.18,7.6,3,3,3,3,14,,
Y. Saarinen,G,11/13/24,6,Practice,2587,30,5.1,73,372.3,58.4,-1.93,7.4,4,3,2,4,13,,
I. Kovacs,G,11/13/24,6,Practice,1733,30,5.8,71,411.8,55.2,-2.26,7.8,2,6,3,4,19,,
E. Nystrom,G,11/13/24,6,Practice,1273,30,6.8,80,544,71.4,0.94,7.6,3,2,3,2,12,,
J. Kowalski,C,11/14/24,6,Practice,4678,442,6.9,73,503.7,68.2,1.38,8.6,3,4,2,4,15,,
M. Eriksson,C,11/14/24,6,Practice,4324,471,4.3,85,365.5,56.1,0.46,8.1,5,3,3,3,12,,
T. Gallagher,C,11/14/24,6,Practice,4780,375,6.7,75,502.5,75.7,0.7,8.9,3,3,3,2,13,,
B. Novak,C,11/14/24,6,Practice,4355,422,6.6,84,554.4,70.8,1.29,8.9,4,4,4,4,16,,
A. Berglund,LW,11/14/24,6,Practice,4417,505,5.2,74,384.8,57.1,1.34,8,3,2,2,4,13,,
P. Leclerc,LW,11/14/24,6,Practice,4952,277,6.2,69,427.8,57.5,1.42,8.5,3,3,4,4,16,,
D. Hartmann,LW,11/14/24,6,Practice,3830,386,4.4,73,321.2,43.6,-0.27,6.6,2,3,3,3,15,,
R. Okafor,LW,11/14/24,6,Practice,4279,523,6.9,60,414,45.5,-2.18,6.7,4,5,4,4,17,,
S. Virtanen,RW,11/14/24,6,Practice,4807,590,4.9,60,294,56.6,0.17,7.9,2,3,3,4,16,,
C. Marchetti,RW,11/14/24,6,Practice,3718,325,6.5,75,487.5,32.1,-2.13,7.4,3,4,6,4,19,,
N. Johansson,RW,11/14/24,6,Practice,4751,362,5.7,86,490.2,53.9,1,6.7,4,5,3,3,15,,
F. Dubois,RW,11/14/24,6,Practice,4574,377,5.6,72,403.2,48.8,-0.64,7,3,4,3,3,15,,
L. Svensson,RW,11/14/24,6,Practice,4269,460,5.7,71,404.7,61.6,-0.26,8.1,3,4,2,3,14,,
K. Magnusson,D,11/14/24,6,Practice,3464,248,4.2,65,273,45.9,0.73,8.2,4,3,3,3,13,,
O. Lindqvist,D,11/14/24,6,Practice,3703,536,6.1,91,555.1,58.3,-0.66,7.2,5,3,5,2,13,,
V. Petrov,D,11/14/24,6,Practice,3674,322,6.2,77,477.4,58.6,0.33,7.1,3,4,1,5,15,,
H. Brennan,D,11/14/24,6,Practice,3550,443,6.7,81,542.7,33.3,-1.71,7.4,3,5,3,4,17,,
Z. Karjalainen,D,11/14/24,6,Practice,3665,296,6.6,68,448.8,50.2,0.5,7.7,3,2,3,2,12,,
W. Deschamps,D,11/14/24,6,Practice,3800,324,6.2,84,520.8,52.5,-0.99,8.6,3,2,2,3,12,,
G. Tuominen,D,11/14/24,6,Practice,4118,293,4.5,67,301.5,49.6,-0.31,8,5,3,3,4,13,,
Y. Saarinen,G,11/14/24,6,Practice,1881,30,7,76,532,74.6,0.32,8.8,2,3,3,3,15,,
I. Kovacs,G,11/14/24,6,Practice,991,42,5.3,69,365.7,74.2,0.4,7.9,2,3,4,3,16,,
E. Nystrom,G,11/14/24,6,Practice,2551,241,5.8,81,469.8,67.9,0.39,7.6,3,1,3,4,13,,
J. Kowalski,C,11/15/24,6,Travel,,,,,,49.9,-1.68,7.5,4,3,5,3,15,,
M. Eriksson,C,11/15/24,6,Travel,,,,,,48.4,-0.98,8.3,4,5,2,4,15,,
T. Gallagher,C,11/15/24,6,Travel,,,,,,60.9,-1.39,8,3,3,4,3,15,,
B. Novak,C,11/15/24,6,Travel,,,,,,83.9,3,8.3,4,3,3,5,15,,
A. Berglund,LW,11/15/24,6,Travel,,,,,,65.2,2.94,8.3,4,3,4,3,14,,
P. Leclerc,LW,11/15/24,6,Travel,,,,,,56.4,1.2,8.1,4,3,5,2,14,,
D. Hartmann,LW,11/15/24,6,Travel,,,,,,42.2,-0.59,7.1,5,1,1,3,8,,
R. Okafor,LW,11/15/24,6,Travel,,,,,,60.4,0.39,8,4,4,3,1,12,,
S. Virtanen,RW,11/15/24,6,Travel,,,,,,59.4,0.68,8.6,2,3,3,3,15,,
C. Marchetti,RW,11/15/24,6,Travel,,,,,,45.6,1.18,6.8,4,5,3,2,14,,
N. Johansson,RW,11/15/24,6,Travel,,,,,,53.2,0.85,9,4,3,4,3,14,,
F. Dubois,RW,11/15/24,6,Travel,,,,,,64.8,2.43,8.4,4,4,4,2,14,,
L. Svensson,RW,11/15/24,6,Travel,,,,,,67.2,0.63,8.2,4,3,2,4,13,,
K. Magnusson,D,11/15/24,6,Travel,,,,,,45.9,0.73,8.5,3,3,3,1,12,,
O. Lindqvist,D,11/15/24,6,Travel,,,,,,78.1,2.52,7.6,4,4,5,4,17,,
V. Petrov,D,11/15/24,6,Travel,,,,,,60.6,0.68,8.4,4,4,3,3,14,,
H. Brennan,D,11/15/24,6,Travel,,,,,,45.6,1.33,7.5,4,4,3,2,13,,
Z. Karjalainen,D,11/15/24,6,Travel,,,,,,42.6,-1.09,8.9,4,4,2,4,14,,
W. Deschamps,D,11/15/24,6,Travel,,,,,,65,1.16,7.5,3,1,4,4,14,,
G. Tuominen,D,11/15/24,6,Travel,,,,,,53.2,0.4,7.1,3,3,4,3,15,,
Y. Saarinen,G,11/15/24,6,Travel,,,,,,80.6,1.14,7.2,5,2,3,3,11,,
I. Kovacs,G,11/15/24,6,Travel,,,,,,78.5,1.01,7.8,3,3,3,4,15,,
E. Nystrom,G,11/15/24,6,Travel,,,,,,75.6,1.57,8.8,3,3,5,3,16,,
J. Kowalski,C,11/16/24,6,Game,5293,938,5.2,67,348.4,59.6,-0.06,6.8,3,2,4,3,14,L,5-May
M. Eriksson,C,11/16/24,6,Game,6136,1106,8,63,504,51.4,-0.42,6.4,4,3,4,4,15,L,3-Feb
T. Gallagher,C,11/16/24,6,Game,6994,845,7.9,59,466.1,74.9,0.57,7.2,2,2,4,3,15,W,4-Apr
B. Novak,C,11/16/24,6,Game,5178,1107,6.6,64,422.4,70.8,1.3,8,4,5,4,3,16,L,3-Mar
A. Berglund,LW,11/16/24,6,Game,4387,959,9.2,59,542.8,50.3,-0.02,8.5,2,2,5,4,17,L,4-May
P. Leclerc,LW,11/16/24,6,Game,6320,870,8.2,64,524.8,57.9,1.51,8.2,3,3,2,5,15,W,2-Feb
D. Hartmann,LW,11/16/24,6,Game,4353,868,7.6,60,456,45.2,0.08,7,4,3,3,4,14,W,3-Apr
R. Okafor,LW,11/16/24,6,Practice,4337,313,4.7,81,380.7,71.4,2.28,7.9,4,5,3,3,15,,
S. Virtanen,RW,11/16/24,6,Practice,3608,508,5.9,81,477.9,54.5,-0.22,7.7,3,4,4,3,16,,
C. Marchetti,RW,11/16/24,6,Practice,4147,471,4.8,58,278.4,42.8,0.51,7.3,2,4,3,3,16,,
N. Johansson,RW,11/16/24,6,Practice,4058,573,5.4,61,329.4,48.3,-0.14,6.7,3,3,4,4,16,,
F. Dubois,RW,11/16/24,6,Practice,4014,430,4.6,66,303.6,56.1,0.78,7.2,3,5,2,1,13,,
L. Svensson,RW,11/16/24,6,Practice,4374,318,6,79,474,83.1,3,8.2,4,5,3,4,16,,
K. Magnusson,D,11/16/24,6,Practice,4063,337,5.6,69,386.4,43.4,0.15,7.5,3,3,3,4,15,,
O. Lindqvist,D,11/16/24,6,Practice,3661,460,6.2,77,477.4,73.3,1.75,8.7,4,3,4,5,16,,
V. Petrov,D,11/16/24,6,Practice,3708,331,6.2,80,496,64.1,1.3,7.1,2,2,3,5,16,,
H. Brennan,D,11/16/24,6,Practice,3984,485,4,77,308,39.2,-0.26,7.1,4,5,4,3,16,,
Z. Karjalainen,D,11/16/24,6,Practice,3214,458,4.5,71,319.5,60.2,2.59,7.6,2,3,2,4,15,,
W. Deschamps,D,11/16/24,6,Practice,3402,312,4.2,75,315,63.7,0.94,7.6,4,4,2,3,13,,
G. Tuominen,D,11/16/24,6,Practice,3728,330,4.5,76,342,50,-0.22,7.9,2,3,4,3,16,,
Y. Saarinen,G,11/16/24,6,Practice,815,96,6.2,62,384.4,88.8,2.28,8,4,1,5,3,13,,
I. Kovacs,G,11/16/24,6,Practice,1495,213,7.4,74,547.6,68.8,-0.36,8.9,3,5,4,4,18,,
E. Nystrom,G,11/16/24,6,Practice,2591,64,4.7,60,282,77.8,1.91,7.2,5,3,2,3,11,,
J. Kowalski,C,11/17/24,6,Game,5957,929,8.2,60,492,73.1,2.19,7.9,2,3,3,5,17,W,3-May
M. Eriksson,C,11/17/24,6,Game,4822,1384,7.6,66,501.6,47.4,-1.17,5.3,5,4,2,4,13,L,4-May
T. Gallagher,C,11/17/24,6,Game,5773,661,8.3,65,539.5,68,-0.4,7.1,4,3,4,2,13,L,2-Feb
B. Novak,C,11/17/24,6,Practice,3773,354,5.7,77,438.9,60.5,-0.35,8.6,4,3,3,3,13,,
A. Berglund,LW,11/17/24,6,Practice,4593,446,4.6,65,299,46.1,-0.85,8.6,4,4,4,3,15,,
P. Leclerc,LW,11/17/24,6,Practice,3734,514,5,73,365,57.3,1.37,8.1,2,2,5,4,17,,
D. Hartmann,LW,11/17/24,6,Practice,4072,407,5.8,75,435,44.1,-0.17,8.5,5,4,4,3,14,,
R. Okafor,LW,11/17/24,6,Practice,4678,385,6.7,81,542.7,64.1,1.03,6.9,3,2,4,4,15,,
S. Virtanen,RW,11/17/24,6,Practice,4590,436,5.9,84,495.6,52.2,-0.63,7.8,5,4,3,4,14,,
C. Marchetti,RW,11/17/24,6,Practice,4274,362,5.8,77,446.6,43.8,0.74,7.4,4,4,5,4,17,,
N. Johansson,RW,11/17/24,6,Practice,4265,296,6.1,59,359.9,35.4,-2.77,8.7,4,3,2,2,11,,
F. Dubois,RW,11/17/24,6,Practice,4882,323,6.2,73,452.6,51.7,-0.07,8.7,3,4,5,3,17,,
L. Svensson,RW,11/17/24,6,Practice,4887,379,5.7,80,456,65.3,0.33,8.5,4,3,3,1,11,,
K. Magnusson,D,11/17/24,6,Practice,3336,272,5,61,305,42.2,-0.14,7.3,3,4,2,3,14,,
O. Lindqvist,D,11/17/24,6,Practice,4044,298,5.9,82,483.8,70,1.23,8.6,4,4,1,4,13,,
V. Petrov,D,11/17/24,6,Practice,4111,387,5.9,73,430.7,61.2,0.79,7.1,4,5,2,4,15,,
H. Brennan,D,11/17/24,6,Practice,4666,448,5.4,76,410.4,33.8,-1.6,7.4,4,5,3,2,14,,
Z. Karjalainen,D,11/17/24,6,Practice,3831,317,5,70,350,53.1,1.11,8.9,4,4,3,1,12,,
W. Deschamps,D,11/17/24,6,Practice,4308,429,5.9,73,430.7,62.4,0.72,8.1,3,3,1,2,11,,
G. Tuominen,D,11/17/24,6,Practice,3965,223,4.9,69,338.1,50,-0.22,7.3,3,3,3,5,16,,
Y. Saarinen,G,11/17/24,6,Practice,2325,30,6.3,70,441,75.8,0.48,7.8,3,3,3,1,12,,
I. Kovacs,G,11/17/24,6,Practice,1745,182,6.6,67,442.2,77.4,0.85,8.4,3,3,3,5,16,,
E. Nystrom,G,11/17/24,6,Practice,1636,214,5.2,62,322.4,53.5,-1.81,7.7,3,5,3,4,17,,
J. Kowalski,C,11/18/24,7,Practice,4503,542,4.7,70,329,79.6,3,8.1,4,2,4,4,14,,
M. Eriksson,C,11/18/24,7,Practice,5258,341,5.2,68,353.6,61.5,1.47,9.4,4,3,2,4,13,,
T. Gallagher,C,11/18/24,7,Practice,5289,338,6.5,76,494,71.9,0.16,7.9,3,3,2,4,14,,
B. Novak,C,11/18/24,7,Practice,4552,309,4.5,83,373.5,62,-0.11,8.9,3,3,5,2,15,,
A. Berglund,LW,11/18/24,7,Practice,4719,374,4.4,72,316.8,54,0.73,7.6,2,3,4,3,16,,
P. Leclerc,LW,11/18/24,7,Practice,5055,358,4.7,76,357.2,52.6,0.45,9.2,3,2,3,4,14,,
D. Hartmann,LW,11/18/24,7,Practice,4614,292,6,67,402,48.4,0.79,7.2,3,5,2,4,16,,
R. Okafor,LW,11/18/24,7,Practice,4249,350,6.9,98,676.2,55.7,-0.42,6.9,3,3,3,4,15,,
S. Virtanen,RW,11/18/24,7,Practice,4509,352,5.3,71,376.3,61.4,1.03,6.3,3,4,3,3,15,,
C. Marchetti,RW,11/18/24,7,Practice,4041,475,4.7,75,352.5,42.6,0.46,8.4,4,2,4,2,12,,
N. Johansson,RW,11/18/24,7,Practice,4493,461,5.6,76,425.6,44.9,-0.84,7.4,2,3,5,4,18,,
F. Dubois,RW,11/18/24,7,Practice,3703,247,3.8,72,273.6,58.7,1.26,8.3,4,3,3,3,13,,
L. Svensson,RW,11/18/24,7,Practice,4099,264,6.7,63,422.1,77.8,2.3,8.9,4,2,3,3,12,,
K. Magnusson,D,11/18/24,7,Practice,3859,439,4.9,76,372.4,47.3,1.06,7.9,4,2,5,1,12,,
O. Lindqvist,D,11/18/24,7,Practice,3787,286,5.2,78,405.6,71.9,1.52,7.1,3,4,1,3,13,,
V. Petrov,D,11/18/24,7,Practice,4492,355,5.8,72,417.6,54.5,-0.38,8.4,4,4,3,4,15,,
H. Brennan,D,11/18/24,7,Practice,3559,435,3.6,80,288,41.9,0.41,8.1,4,4,4,3,15,,
Z. Karjalainen,D,11/18/24,7,Practice,4546,214,5,70,350,48.6,0.16,8.1,3,5,3,2,15,,
W. Deschamps,D,11/18/24,7,Practice,4644,595,3.7,75,277.5,62.5,0.73,9.1,4,2,2,2,10,,
G. Tuominen,D,11/18/24,7,Practice,4288,349,5.2,67,348.4,54.2,0.6,9.3,3,2,4,3,14,,
Y. Saarinen,G,11/18/24,7,Practice,1671,30,3.8,74,281.2,84.9,1.74,8.6,5,4,3,4,14,,
I. Kovacs,G,11/18/24,7,Practice,1679,30,3.8,79,300.2,84.9,1.91,7.5,2,4,4,4,18,,
E. Nystrom,G,11/18/24,7,Practice,1716,30,4,73,292,75.8,1.61,7.5,4,3,3,4,14,,
J. Kowalski,C,11/19/24,7,Practice,4878,486,5.4,77,415.8,70.7,1.79,8.1,4,4,2,4,14,,
M. Eriksson,C,11/19/24,7,Practice,4568,538,6.1,82,500.2,62.3,1.61,7.9,4,4,4,2,14,,
T. Gallagher,C,11/19/24,7,Practice,5204,373,5.3,73,386.9,83.9,1.85,8.9,5,3,1,4,11,,
B. Novak,C,11/19/24,7,Practice,5126,531,5.5,72,396,75.9,2.11,8.8,3,3,3,5,16,,
A. Berglund,LW,11/19/24,7,Practice,4243,500,6.7,68,455.6,60.4,1.99,8.7,3,3,3,1,12,,
P. Leclerc,LW,11/19/24,7,Practice,3606,402,4.8,78,374.4,55.5,1.02,8.5,4,4,3,3,14,,
D. Hartmann,LW,11/19/24,7,Practice,4240,379,3.6,67,241.2,47.9,0.67,7.7,2,1,3,5,15,,
R. Okafor,LW,11/19/24,7,Practice,5094,292,5.7,69,393.3,62.6,0.76,7.1,4,3,2,2,11,,
S. Virtanen,RW,11/19/24,7,Practice,4828,237,5.2,73,379.6,67,2.04,8.8,4,4,4,3,15,,
C. Marchetti,RW,11/19/24,7,Practice,3510,322,5.2,65,338,48.7,1.96,8.4,3,3,2,2,12,,
N. Johansson,RW,11/19/24,7,Practice,4524,377,5.3,79,418.7,63,2.85,7.4,2,2,3,5,16,,
F. Dubois,RW,11/19/24,7,Practice,4942,464,5.8,79,458.2,67.9,3,9.1,3,4,5,4,18,,
L. Svensson,RW,11/19/24,7,Practice,5084,410,4.8,65,312,61.7,-0.24,8.9,3,3,4,2,14,,
K. Magnusson,D,11/19/24,7,Practice,3857,425,6.7,79,529.3,43.4,0.13,8.2,3,2,2,3,12,,
O. Lindqvist,D,11/19/24,7,Practice,3723,413,5,75,375,74.5,1.94,7.9,4,2,3,3,12,,
V. Petrov,D,11/19/24,7,Practice,3619,494,5.3,67,355.1,64.6,1.39,8.3,4,4,4,3,15,,
H. Brennan,D,11/19/24,7,Practice,3883,341,5.5,73,401.5,40.8,0.16,8.6,4,3,4,3,14,,
Z. Karjalainen,D,11/19/24,7,Practice,3780,310,5.5,83,456.5,46.5,-0.28,8.8,3,4,4,1,14,,
W. Deschamps,D,11/19/24,7,Practice,4145,388,4.6,69,317.4,57,-0.22,9.5,1,3,2,4,16,,
G. Tuominen,D,11/19/24,7,Practice,3455,316,4.7,74,347.8,52.3,0.22,8.4,4,3,2,5,14,,
Y. Saarinen,G,11/19/24,7,Practice,1739,30,4.9,87,426.3,91,2.58,6.9,3,6,3,3,17,,
I. Kovacs,G,11/19/24,7,Practice,2214,30,5.8,86,498.8,80.6,1.3,8.7,2,1,3,5,15,,
E. Nystrom,G,11/19/24,7,Practice,1386,64,6.8,69,469.2,67.6,0.35,8.8,5,4,1,3,11,,
J. Kowalski,C,11/20/24,7,Game,5831,570,6.4,58,371.2,65.8,0.98,8.1,3,3,2,3,13,W,1-Apr
M. Eriksson,C,11/20/24,7,Game,4857,942,7.6,70,532,44.5,-1.71,7.2,5,3,4,4,14,W,1-Feb
T. Gallagher,C,11/20/24,7,Game,4794,1077,7.5,64,480,74.6,0.53,8.3,4,2,3,6,15,W,2-Mar
B. Novak,C,11/20/24,7,Game,5308,1112,6.6,56,369.6,62.9,0.04,9.1,4,5,4,1,14,W,3-Mar
A. Berglund,LW,11/20/24,7,Game,5099,1341,8.9,59,525.1,55.7,1.05,8.2,3,3,3,5,16,L,4-Apr
P. Leclerc,LW,11/20/24,7,Game,5165,1099,9.9,60,594,48.6,-0.35,8.2,3,6,3,4,18,OT,3-Apr
D. Hartmann,LW,11/20/24,7,Game,5193,373,7.6,62,471.2,41.3,-0.79,7.5,3,3,4,3,15,OT,4-May
R. Okafor,LW,11/20/24,7,Game,5834,659,6.6,60,396,59.1,0.17,8.7,3,2,1,3,11,L,2-Apr
S. Virtanen,RW,11/20/24,7,Game,5795,768,8.8,70,616,60.6,0.88,8,3,2,3,3,13,W,1-Mar
C. Marchetti,RW,11/20/24,7,Game,5723,1117,7.9,57,450.3,41.1,0.07,9.3,3,3,2,4,14,L,2-Feb
N. Johansson,RW,11/20/24,7,Game,4990,545,7,64,448,55.8,1.39,8.4,3,3,3,3,14,W,2-Apr
F. Dubois,RW,11/20/24,7,Game,4862,587,9,64,576,57.4,1.02,7.5,4,2,2,4,12,L,3-Feb
L. Svensson,RW,11/20/24,7,Game,5603,840,8.7,54,469.8,57.2,-0.95,9.3,1,3,4,2,16,L,2-May
K. Magnusson,D,11/20/24,7,Game,4676,1059,10,63,630,41.8,-0.22,7.9,4,2,2,5,13,L,5-Apr
O. Lindqvist,D,11/20/24,7,Game,5131,725,7.4,65,481,64.5,0.34,7.3,3,3,4,3,15,L,2-Feb
V. Petrov,D,11/20/24,7,Game,4767,827,8.4,61,512.4,62.6,1.04,7.6,3,2,3,6,16,L,3-Feb
H. Brennan,D,11/20/24,7,Game,4551,795,6.3,57,359.1,44.1,0.97,8.2,4,2,2,2,10,L,5-Apr
Z. Karjalainen,D,11/20/24,7,Game,4777,753,7.3,62,452.6,42.7,-1.06,8.5,4,2,2,4,12,W,1-Mar
W. Deschamps,D,11/20/24,7,Game,4518,871,8.9,68,605.2,72.2,2.4,9.3,4,2,2,2,10,OT,2-Mar
G. Tuominen,D,11/20/24,7,Game,6079,836,7.6,67,509.2,50.5,-0.13,9.2,4,5,4,3,16,W,2-May
Y. Saarinen,G,11/20/24,7,Game,4704,407,8.4,59,495.6,86.3,1.93,9.5,2,2,2,2,12,L,5-Apr
J. Kowalski,C,11/21/24,7,Practice,5020,419,5.4,82,442.8,53.2,-1.13,8.8,3,3,4,2,14,,
M. Eriksson,C,11/21/24,7,Practice,4994,450,4.6,72,331.2,67.4,2.56,7.8,3,3,3,4,15,,
T. Gallagher,C,11/21/24,7,Practice,5311,320,5.4,64,345.6,81.9,1.57,8.3,4,2,2,4,12,,
B. Novak,C,11/21/24,7,Practice,3854,303,6,80,480,71.9,1.48,7.7,5,3,1,3,10,,
A. Berglund,LW,11/21/24,7,Practice,4440,301,6,75,450,51.3,0.19,7.7,4,2,5,5,16,,
P. Leclerc,LW,11/21/24,7,Practice,4903,403,6.6,74,488.4,43.7,-1.31,8.8,3,4,5,3,17,,
D. Hartmann,LW,11/21/24,7,Practice,4784,341,6.6,69,455.4,51.3,1.44,8.9,4,4,2,3,13,,
R. Okafor,LW,11/21/24,7,Practice,4345,485,4.9,68,333.2,60.6,0.42,8.5,5,3,1,4,11,,
S. Virtanen,RW,11/21/24,7,Practice,4635,369,6.4,71,454.4,61.4,1.02,8.3,4,4,4,3,15,,
C. Marchetti,RW,11/21/24,7,Practice,4748,428,4.6,70,322,39.3,-0.36,8.4,5,2,2,4,11,,
N. Johansson,RW,11/21/24,7,Practice,4526,476,4.8,69,331.2,59.1,2.06,8.6,4,5,3,4,16,,
F. Dubois,RW,11/21/24,7,Practice,4176,483,5.5,80,440,55,0.56,7.5,5,3,2,3,11,,
L. Svensson,RW,11/21/24,7,Practice,4197,307,5.3,77,408.1,70,1.06,8.3,2,3,3,4,16,,
K. Magnusson,D,11/21/24,7,Practice,3697,415,6.7,64,428.8,47.8,1.17,9,3,4,2,3,14,,
O. Lindqvist,D,11/21/24,7,Practice,3673,186,3.6,82,295.2,60.9,-0.24,7.5,4,3,3,4,14,,
V. Petrov,D,11/21/24,7,Practice,4469,243,4.3,73,313.9,62.8,1.08,9.2,3,1,1,6,13,,
H. Brennan,D,11/21/24,7,Practice,3884,468,5.6,82,459.2,51.1,2.69,7,4,3,4,3,14,,
Z. Karjalainen,D,11/21/24,7,Practice,3925,265,5.3,82,434.6,53.7,1.24,8.5,3,3,5,4,17,,
W. Deschamps,D,11/21/24,7,Practice,5050,399,4.1,71,291.1,75.8,3,8.2,4,3,2,1,10,,
G. Tuominen,D,11/21/24,7,Practice,4449,456,5.5,82,451,45.6,-1.09,8.4,4,2,4,3,13,,
Y. Saarinen,G,11/21/24,7,Practice,1274,30,4.4,78,343.2,80.6,1.15,7.2,4,3,4,5,16,,
I. Kovacs,G,11/21/24,7,Practice,1787,30,6.2,81,502.2,73.9,0.36,7.9,3,3,4,3,15,,
E. Nystrom,G,11/21/24,7,Practice,1543,56,5.3,69,365.7,62.3,-0.46,8.5,4,3,4,3,14,,
J. Kowalski,C,11/22/24,7,Practice,4079,488,6,84,504,69.7,1.63,8.2,3,3,1,2,11,,
M. Eriksson,C,11/22/24,7,Practice,3262,340,6.2,83,514.6,56.5,0.53,7.7,4,5,1,2,12,,
T. Gallagher,C,11/22/24,7,Practice,4786,323,5.7,78,444.6,81.8,1.55,6.9,5,3,2,3,11,,
B. Novak,C,11/22/24,7,Practice,4757,549,5.5,71,390.5,69.4,1.07,8.7,3,3,1,5,14,,
A. Berglund,LW,11/22/24,7,Practice,5055,326,5.7,74,421.8,61.2,2.16,9.5,4,2,2,4,12,,
P. Leclerc,LW,11/22/24,7,Practice,4551,403,6.6,77,508.2,56.2,1.16,8.6,3,2,3,2,12,,
D. Hartmann,LW,11/22/24,7,Practice,4717,474,5.1,94,479.4,54.5,2.14,7.7,4,3,2,4,13,,
R. Okafor,LW,11/22/24,7,Practice,4691,395,4.6,85,391,57.4,-0.13,9.2,4,3,2,5,14,,
S. Virtanen,RW,11/22/24,7,Practice,3896,400,5.7,72,410.4,66.4,1.93,7.5,5,4,4,2,13,,
C. Marchetti,RW,11/22/24,7,Practice,4443,401,6.2,71,440.2,43.9,0.77,8,3,3,4,5,17,,
N. Johansson,RW,11/22/24,7,Practice,4988,465,4.6,71,326.6,56.5,1.53,8.5,3,2,3,6,16,,
F. Dubois,RW,11/22/24,7,Practice,4148,354,6.8,62,421.6,56.4,0.83,7.4,3,2,3,1,11,,
L. Svensson,RW,11/22/24,7,Practice,4529,492,8.3,80,664,77.2,2.22,7,3,4,3,2,14,,
K. Magnusson,D,11/22/24,7,Practice,3885,392,6.8,56,380.8,43.5,0.17,6.9,3,3,3,4,15,,
O. Lindqvist,D,11/22/24,7,Practice,3796,459,5.3,76,402.8,72.2,1.57,8.6,4,1,4,1,10,,
V. Petrov,D,11/22/24,7,Practice,2930,491,5.8,71,411.8,62.7,1.06,8.4,3,2,4,3,14,,
H. Brennan,D,11/22/24,7,Practice,4101,381,6.9,75,517.5,52.1,2.96,8.1,3,3,4,4,16,,
Z. Karjalainen,D,11/22/24,7,Practice,4258,285,7,71,497,50.8,0.63,7.3,3,4,4,5,18,,
W. Deschamps,D,11/22/24,7,Practice,4014,478,4.5,78,351,53.8,-0.77,7.9,5,3,4,2,12,,
G. Tuominen,D,11/22/24,7,Practice,3786,557,5.1,60,306,59.5,1.63,6.9,4,3,2,4,13,,
Y. Saarinen,G,11/22/24,7,Practice,1204,192,4.7,70,329,86.5,1.96,8.3,2,3,2,3,14,,
I. Kovacs,G,11/22/24,7,Practice,1793,30,6.3,73,459.9,63.1,-1.16,7,5,3,2,3,11,,
E. Nystrom,G,11/22/24,7,Practice,1660,123,5.2,76,395.2,67,0.26,9.1,4,4,3,3,14,,
J. Kowalski,C,11/23/24,7,Game,6456,895,6.7,64,428.8,66.7,1.12,7.7,3,3,4,3,15,W,3-Feb
M. Eriksson,C,11/23/24,7,Game,5735,717,9.3,63,585.9,54.2,0.11,9.3,4,4,5,2,15,W,4-Apr
T. Gallagher,C,11/23/24,7,Game,6002,1067,8.4,56,470.4,68.3,-0.35,7.5,4,4,4,4,16,L,3-Apr
B. Novak,C,11/23/24,7,Game,4850,1087,8.7,63,548.1,66,0.53,7.3,3,3,3,3,14,L,3-Mar
A. Berglund,LW,11/23/24,7,Game,5511,1279,7.7,71,546.7,45.7,-0.93,7.1,3,2,3,3,13,L,3-Mar
P. Leclerc,LW,11/23/24,7,Game,6148,890,9.5,57,541.5,56.1,1.13,6.5,2,3,5,3,17,L,4-May
D. Hartmann,LW,11/23/24,7,Game,4603,1221,7,58,406,47,0.48,7.4,2,3,3,4,16,W,3-Feb
R. Okafor,LW,11/23/24,7,Game,6323,805,8.1,62,502.2,59,0.14,8.7,3,3,3,3,14,L,2-Apr
S. Virtanen,RW,11/23/24,7,Game,5295,859,7.9,56,442.4,54.6,-0.2,8.2,4,3,2,1,10,W,4-Feb
C. Marchetti,RW,11/23/24,7,Game,4369,1339,8.6,56,481.6,43.7,0.72,8.1,3,3,3,4,15,L,5-Apr
N. Johansson,RW,11/23/24,7,Game,5338,1058,7.5,66,495,43.9,-1.04,7.7,4,3,3,2,12,L,2-May
F. Dubois,RW,11/23/24,7,Practice,3883,410,7.3,74,540.2,59.7,1.47,9.1,3,4,2,2,13,,
L. Svensson,RW,11/23/24,7,Practice,5070,392,5.7,75,427.5,75.8,1.99,7.5,5,2,2,4,11,,
K. Magnusson,D,11/23/24,7,Practice,4030,391,4.4,85,374,42.3,-0.11,8.4,4,4,4,3,15,,
O. Lindqvist,D,11/23/24,7,Practice,4560,386,4.9,76,372.4,58.4,-0.63,8,4,4,3,4,15,,
V. Petrov,D,11/23/24,7,Practice,3953,348,5.2,62,322.4,61.1,0.77,8,3,2,3,3,13,,
H. Brennan,D,11/23/24,7,Practice,4152,371,4.5,64,288,43.8,0.89,8.5,4,4,3,4,15,,
Z. Karjalainen,D,11/23/24,7,Practice,3965,377,6.3,73,459.9,55.4,1.59,9.3,2,4,4,2,16,,
W. Deschamps,D,11/23/24,7,Practice,4802,269,5.8,80,464,66.7,1.45,7.5,3,3,4,4,16,,
G. Tuominen,D,11/23/24,7,Practice,4123,304,4,71,284,55.4,0.83,7.8,3,3,2,3,13,,
Y. Saarinen,G,11/23/24,7,Practice,1079,30,5.8,74,429.2,93.8,2.98,7.5,4,3,3,4,14,,
I. Kovacs,G,11/23/24,7,Practice,1628,185,7,73,511,84,1.78,7.7,3,4,2,4,15,,
E. Nystrom,G,11/23/24,7,Practice,1874,57,4.8,84,403.2,73,1.18,8.3,3,3,2,4,14,,
J. Kowalski,C,11/24/24,7,Off,,,,,,60.1,0.03,9.2,4,4,4,3,15,,
M. Eriksson,C,11/24/24,7,Off,,,,,,69.2,2.9,8.6,3,3,2,5,15,,
T. Gallagher,C,11/24/24,7,Off,,,,,,80.7,1.4,8.4,5,4,3,2,12,,
B. Novak,C,11/24/24,7,Off,,,,,,85.5,3,8.1,4,3,4,2,13,,
A. Berglund,LW,11/24/24,7,Off,,,,,,50.9,0.11,8.3,5,4,2,3,12,,
P. Leclerc,LW,11/24/24,7,Off,,,,,,48.2,-0.42,8.6,3,2,1,3,11,,
D. Hartmann,LW,11/24/24,7,Off,,,,,,56.2,2.52,9.1,4,5,4,4,17,,
R. Okafor,LW,11/24/24,7,Off,,,,,,69.9,2.02,7.6,4,2,1,4,11,,
S. Virtanen,RW,11/24/24,7,Off,,,,,,65.8,1.83,7.9,4,4,4,5,17,,
C. Marchetti,RW,11/24/24,7,Off,,,,,,48.6,1.94,8.6,3,4,3,4,16,,
N. Johansson,RW,11/24/24,7,Off,,,,,,51.2,0.46,7.7,4,6,3,4,17,,
F. Dubois,RW,11/24/24,7,Off,,,,,,49,-0.58,9.2,2,3,2,2,13,,
L. Svensson,RW,11/24/24,7,Off,,,,,,69,0.91,7.6,4,3,5,1,13,,
K. Magnusson,D,11/24/24,7,Off,,,,,,50.7,1.85,8.6,4,2,4,4,14,,
O. Lindqvist,D,11/24/24,7,Off,,,,,,81,2.98,8.4,3,3,3,3,14,,
V. Petrov,D,11/24/24,7,Off,,,,,,67.4,1.89,10.4,3,2,2,3,12,,
H. Brennan,D,11/24/24,7,Off,,,,,,46.8,1.64,7.8,4,4,4,4,16,,
Z. Karjalainen,D,11/24/24,7,Off,,,,,,51.3,0.73,7.8,3,4,3,4,16,,
W. Deschamps,D,11/24/24,7,Off,,,,,,60.6,0.4,7.8,5,3,3,3,12,,
G. Tuominen,D,11/24/24,7,Off,,,,,,64.3,2.58,8.4,3,3,3,3,14,,
Y. Saarinen,G,11/24/24,7,Off,,,,,,96,3,8.8,4,5,4,1,14,,
I. Kovacs,G,11/24/24,7,Off,,,,,,69.8,-0.21,7.8,3,2,3,4,14,,
E. Nystrom,G,11/24/24,7,Off,,,,,,73.9,1.31,8.4,3,2,4,4,15,,